<?xml version="1.0" encoding="UTF-8" ?>
<rsccat version="1.0" locale="en_US" product="linux" xmlns:xsi="http://www.w3.org/2001/XMLSchema-instance" xsi:noNamespaceSchemaLocation="../../schema/msgcat.xsd">
  <message>
    <entry key="FileOpenError">Cannot open file ''{0}'' for reading.</entry>    
    <entry key="GetFile">Error copying {0} to destination {1}: {2}.</entry>  
    <entry key="PutFile">Error copying {0} to destination {1}: {2}.</entry>  
    <entry key="InternalError" translate="false" note="translate=false set due no translatable content">{0}.</entry>
    <entry key="ASTLicenseCheckFailed">Audio Toolbox license is required to support more than 2 channels.</entry>
    <entry key="GpioInUse">Pin number ''{0}'' is already in use. Select a different GPIO pin.</entry>
    <entry key="InvalidTopicLength">Topic length cannot exceed 128.</entry>
    <entry key="InvalidTopicStr">Invalid topic to publish. Wildcards are not allowed in Publish topics.</entry>
    <entry key="InvalidTopicStr1">Error in using the wildcard +</entry>
    <entry key="InvalidTopicStr2">Error in using the wildcard #</entry>
    <entry key="InvalidInputVector">Input data size cannot be more than 64</entry>
    <entry key="BrokerAddressTooLong">Expected MQTT broker address to be a character array of less than 128.</entry>
    <entry key="WebCamInitFailure">Webcam cannot be initialized properly. Please check if the device {0} is available and free to use.</entry>
    <entry key="ErrorWebcamSnapshot">Failed to get a snapshot from the webcam. Try calling snapshot again.</entry>
    <entry key="FileDoesNotExist">Cannot locate file {0} in the current directory or on the MATLAB path.</entry>
    <entry key="FileNotReadable">File {0} not readable.</entry>
    <entry key="InvalidAudioFile">Audio file format not supported. Supported audio file types are {0}.</entry>    
    <entry key="AudioFileReadNoDSP">DSP System Toolbox is required to read the audio file in Normal simulation mode.\n</entry>
    <entry key="InvalidIPAddress">Invalid IP address.</entry>
    <entry key="InvalidSampleTimeNeedScalar">Invalid sample time. Sample time must be a real scalar value or an array of two real values.</entry>
    <entry key="InvalidSampleTimeNeedPositive">Invalid sample time. The minimum supported period is 0.001 seconds.</entry>
    <entry key="InvalidSampleTimeNeedSmallerOffset">Invalid sample time. Offset must be smaller than period.</entry>
    <entry key="InvalidSampleTimeNeedZeroOffset">Invalid sample time. When period is -1, offset must be 0.</entry>
    <entry key="InvalidSampleTimeNeedOffsetOne">Invalid sample time. When period is 0, offset must be 1.</entry>  
    <entry key="SerialConflict">There is a mismatch in {0} for Serial blocks with Port {1}. Change {0} value in the corresponding block to resolve this conflict.</entry>
    <entry key="UniqueDeviceNameForEachblock">Each Video Capture block must use a unique Video device name. Video device name {0} is already used.</entry>
    <entry key="MultipleAudioCaptureNotAllowed">Multiple ALSA Audio Capture blocks not supported when Base rate trigger option is set to Audio Capture.</entry>
    <entry key="MultipleAudioPlaybackNotAllowed">Multiple ALSA Audio Playback blocks not supported when Base rate trigger option is set to Audio Playback.</entry>
    <entry key="NoAudioCaptureBlock">Unable to find ALSA Audio Capture block. Set the Base rate trigger option to Operating system timer.</entry>
    <entry key="NoAudioPlaybackBlock">Unable to find ALSA Audio Playback block. Set the Base rate trigger option to Operating system timer.</entry>
    <entry key="InvalidModelBaseRateCapture">Simulink model base rate cannot be faster than sampling rate of ALSA Audio Capture block. Sampling time of blocks used in Simulink model must be same or a multiple of that used in ALSA Audio Capture block.</entry>
    <entry key="InvalidModelBaseRatePlayback">Simulink model base rate cannot be faster than sampling rate of ALSA Audio Playback block. Sampling time of blocks used in Simulink model must be same or a multiple of that used in ALSA Audio Playback block.</entry>
    <entry key="HardwareNotSelected">Unable to build. Ensure to set Hardware board option to {0}.</entry>
    <entry key="UnknownBuildAction">Undefined build action.</entry>
    <entry key="ExternalModeDidNotStart">
            A run-time error is encountered when running External mode simulation on the {2} hardware.  
            This usually occurs when a hardware resource, such as a web camera or an audio card, is not available or configured incorrectly.
            The log file, {0}, storing model diagnostic information on the {2} hardware has the following content: {1}
    </entry>
    <entry key="ExtModeWarning">This model is using classic external mode which will be deprecated in future. Please refer the documentation on Tune and Monitor Model Running on {0} Hardware for the new XCP based external mode.</entry>
    <entry key="InvalidDeviceAddress">There is no saved value for device address. Specify the hostname or the IP address of your board to connect to it.</entry>
    <entry key="InvalidUsername">There is no saved value for username. Specify a valid username to connect to your board.</entry>
    <entry key="ConnectDeprecated">The connect method of the target hardware object will be removed in a future release. You do not need to call the connect method anymore.</entry>
    <entry key="DeprecatedMethod">The {0} method of the target hardware object will be removed in a future release. Use the {1} method instead.</entry>
    <entry key="ROSNodeDidNotStart">
            ROS node did not start. This usually occurs when a hardware resource, such as a web camera or an audio card, 
            is not available or configured incorrectly.
            The log file, {0}, storing model diagnostic information on the {2} hardware has the following content: {1}
    </entry>
    <entry key="ModelNotAvailable">The model {0} is not found on the {1} hardware. Compile and run the Simulink model before you use the runModel method.</entry>
    <entry key="CannotLocateModelExecutable">Cannot locate executable corresponding to the model {0}. Change current working directory to where you built the model.</entry>
    <entry key="ExeNotAvailable">The executable {0} is not found on the {1} hardware.</entry>
    <entry key="ExecutableDoesNotExist">The executable {0} does not exist.</entry>
    <entry key="InvalidProcessId">Expected a vector array of numeric PID values or a character array representing PID numbers.</entry>
    <entry key="InvalidModelName">Cannot find the model in {0}</entry>
    <entry key="ModbusRegAddrConflict">{0} ''{1}'' used in {2} block is already in use. Use one {3} block per {0}.</entry>
    <entry key="WrongModbusMode">Simulink model is configured for Modbus {0}. Use of Modbus {1} blocks are not permitted. Change the Modbus mode of operation in the Modbus properties of the Hardware board settings to continue using Raspberry Pi Modbus {1} blocks.</entry>
    <entry key="ModbusElementUnconfigured">{0} are not configured for the Modbus slave. Configure the {0} under Modbus settings of the Hardware board settings before performing read/write operations on the {0}</entry>
    <entry key="ModbusUnconfiguredElementAccess">Attempt to access configured {0} address by {1}. Configure the {0} under Modbus properties of the Hardware board settings before performing read/write operations on the {0}. </entry>
    <entry key="UnabletoDetermineROSMasterIP">
            Unable to determine the IP address of the ROS master.
            The host computer has multiple network interfaces, none of which can ping the Raspberry Pi board at {0}.
            Picking {1} as the IP address of the ROS master. 
            You should explicitly start a ROS master using &lt;a href="matlab:help('rosinit')">rosinit('NodeHost','&lt;IP address&gt;')&lt;/a&gt; command 
            with an IP address that can communicate with the Raspberry Pi board.
    </entry>
    <entry key="CANInvalidBusInput">CAN Transmit block expects a valid bus signal. To create this signal, use the CAN Pack block from Vehicle Network Toolbox.</entry>
	<entry key="ThingspeakWriteURLNotSupported">The ThingsSpeak Write block does not support using a custom URL or a static IP address to publish data.'UpdateURL' value is now updated to 'https://api.thingspeak.com/update' to maintain this compatibility.</entry>
	<entry key="CANMsgFolderCopyError">Unable to copy the linuxutilities folder containing the linuxCANMsg.m file.\nPerform one of the following to copy the folder:\n1. Run MATLAB in administrator mode.\n2. Manually copy the linuxutilities folder from "{0}" to "{1}".</entry>
    <entry key="CANMsgFileCopyError">Unable to copy the linuxCANMsg.m file.\nPerform one of the following to copy the file:\n1. Run MATLAB in administrator mode.\n2. Manually copy the linuxCANMsg.m file from "{0}" to "{1}.</entry>
    <entry key="InvalidBoardParametersSimulink">Unable to connect to {0}. Ensure to set correct 'Board Parameters' values in the Configuration Parameters dialog box.</entry>
    <entry key="InvalidBoardParametersMatlab">Unable to connect to {0}. Ensure to set correct values in the DeviceAddress, Username, and Password parameters.</entry>
    <entry key="NoHardwareSelected">Unable to build. Ensure to set Hardware board option.</entry>
    <entry key="SameValue">{1} ''{2}'' is already in use from a {0} block. Use different {1} for {3} and {4}</entry>
    
      <!-- Config Set: DeviceParametersApp related -->
      <entry key="DeviceParametersAppHeader">To connect to {0} device, specify its address, your username, and your password </entry>
      <entry key="DeviceParametersAppTitle">Connect to {0} device </entry>
      <entry key="DeviceParametersAppDeviceAddress">Device address</entry>
      <entry key="DeviceParametersAppUsername">Username</entry>
      <entry key="DeviceParametersAppPassword">Password</entry>
      <entry key="DeviceParametersAppDeviceAddressToolTip">IP address or hostname of the device.</entry>
      <entry key="DeviceParametersAppUsernameToolTip">Username used for logging into the device.</entry>
      <entry key="DeviceParametersAppPasswordToolTip">Password used for logging into the device.</entry>
      <entry key="EmptyCACertPath"> "CA Server certificate path" field cannot be empty. Select the path in the Configuration Parameters dialog box and try again. </entry>

</message>
</rsccat>
<!-- Copyright 2012-2023 The MathWorks, Inc. -->
