<?xml version="1.0" encoding="UTF-8" standalone="yes"?>
<instructions>
  <downloadInstruction>
    <downloadUrl>https://ssd.mathworks.com/supportfiles/downloads/SupportPackageThirdParty/R2023a/openh264/win64/openh264-2.2.0-win64.dll</downloadUrl>
    <archive>openh264-2.2.0-win64.dll</archive>
  </downloadInstruction>
  <installInstructions xmlns:xsi="http://www.w3.org/2001/XMLSchema-instance" xsi:type="InstallationInstruction">
    <command>cmd.exe</command>
    <command>/x</command>
    <command>/c</command>
    <command>if</command>
    <command>not</command>
    <command>exist</command>
    <command>$IS_ROOT_DIR$IS_FILE_SEP..$IS_FILE_SEP..$IS_FILE_SEPtoolbox$IS_FILE_SEPmatlab$IS_FILE_SEPhardware$IS_FILE_SEPshared$IS_FILE_SEPcamera$IS_FILE_SEPbin$IS_FILE_SEPwin64</command>
    <command>mkdir</command>
    <command>$IS_ROOT_DIR$IS_FILE_SEP..$IS_FILE_SEP..$IS_FILE_SEPtoolbox$IS_FILE_SEPmatlab$IS_FILE_SEPhardware$IS_FILE_SEPshared$IS_FILE_SEPcamera$IS_FILE_SEPbin$IS_FILE_SEPwin64</command>
    <returnCodeChecks>
      <code>0</code>
      <message>## OpenH264 binary folder created ##</message>
    </returnCodeChecks>
    <passingReturnCodes>
      <codes>0</codes>
    </passingReturnCodes>
  </installInstructions>
  <installInstructions xmlns:xsi="http://www.w3.org/2001/XMLSchema-instance" xsi:type="InstallationInstruction">
    <command>cmd.exe</command>
    <command>/x</command>
    <command>/c</command>
    <command>copy</command>
    <command>/Y</command>
    <command>$IS_DOWNLOAD_DIR$IS_FILE_SEPopenh264-2.2.0-win64.dll</command>
    <command>$IS_ROOT_DIR$IS_FILE_SEP..$IS_FILE_SEP..$IS_FILE_SEPtoolbox$IS_FILE_SEPmatlab$IS_FILE_SEPhardware$IS_FILE_SEPshared$IS_FILE_SEPcamera$IS_FILE_SEPbin$IS_FILE_SEPwin64</command>
    <returnCodeChecks>
      <code>0</code>
      <message>## OpenH264 binary copied to camera bin folder ##</message>
    </returnCodeChecks>
    <passingReturnCodes>
      <codes>0</codes>
    </passingReturnCodes>
  </installInstructions>
  <displayName>Cisco OpenH264 library</displayName>
  <licenseUrl>https://www.openh264.org/BINARY_LICENSE.txt</licenseUrl>
  <checksum>7ffbf336333754f961bb65aa680c4dbc</checksum>
</instructions>
