<?xml version="1.0" encoding="utf-8"?>
<!-- Copyright 2019-2022 The MathWorks, Inc. -->

<rsccat version="1.0" locale="en_US" product="MATLAB">
  <message>
    <!-- Hardware Setup screen texts -->
    <entry key="titleText">Configure OpenH264 library</entry>
    <entry key="missingOpenh264Library">Unable to find OpenH264 library</entry>
    <entry key="aboutSelectionEnabled" note="about selection text when openh264 is enabled">&lt;font color ="green"&gt;&lt;b&gt;OpenH264 library is enabled.&lt;/b&gt;&lt;/font&gt;</entry>
    <entry key="aboutSelectionDisabled" note="about selection text when openh264 is disabled">&lt;font color ="red"&gt;&lt;b&gt;OpenH264 library is disabled.&lt;/b&gt;&lt;/font&gt;</entry>
    <entry key="confirmH264Disable">Are you sure you want to disable the OpenH264 library?</entry>
    <entry key="h264Enabled" note="The hole represents the product name and usage" translate="false">"OpenH264 Video Codec provided by Cisco Systems, Inc."\n\n{0}.\n\n\nThe OpenH264 library is currently enabled.\n\nTo disable the library, clear the checkbox.
</entry>
    <entry key="h264Disabled" note="The hole represents the product name and usage" translate="false">"OpenH264 Video Codec provided by Cisco Systems, Inc."\n\n{0}.\n\n\nThe OpenH264 library is currently disabled.\n\nTo enable the library, select the checkbox.
</entry>
    <entry key="whatToConsider">Enable OpenH264 library to decode H.264 video streams sent from a camera.</entry>
    <entry key="checkBoxText" translate="false">Enable OpenH264 library</entry>
  </message>
</rsccat>