{"class_name": "Model", "keras_version": "2.0.0", "config": {"layers": [{"class_name": "InputLayer", "config": {"dtype": "float32", "batch_input_shape": [null, 28, 28, 1], "name": "input_1", "sparse": false}, "inbound_nodes": [], "name": "input_1"}, {"class_name": "Conv2D", "config": {"kernel_constraint": null, "kernel_initializer": {"class_name": "VarianceScaling", "config": {"distribution": "uniform", "scale": 1.0, "seed": null, "mode": "fan_avg"}}, "name": "conv2d_1", "bias_regularizer": null, "bias_constraint": null, "activation": "relu", "trainable": true, "data_format": "channels_last", "padding": "same", "strides": [1, 1], "dilation_rate": [1, 1], "kernel_regularizer": null, "filters": 20, "bias_initializer": {"class_name": "VarianceScaling", "config": {"distribution": "uniform", "scale": 1.0, "seed": null, "mode": "fan_avg"}}, "use_bias": true, "activity_regularizer": null, "kernel_size": [7, 7]}, "inbound_nodes": [[["input_1", 0, 0, {}]]], "name": "conv2d_1"}, {"class_name": "Conv2D", "config": {"kernel_constraint": null, "kernel_initializer": {"class_name": "VarianceScaling", "config": {"distribution": "uniform", "scale": 1.0, "seed": null, "mode": "fan_avg"}}, "name": "conv2d_2", "bias_regularizer": null, "bias_constraint": null, "activation": "relu", "trainable": true, "data_format": "channels_last", "padding": "same", "strides": [1, 1], "dilation_rate": [1, 1], "kernel_regularizer": null, "filters": 20, "bias_initializer": {"class_name": "VarianceScaling", "config": {"distribution": "uniform", "scale": 1.0, "seed": null, "mode": "fan_avg"}}, "use_bias": true, "activity_regularizer": null, "kernel_size": [3, 3]}, "inbound_nodes": [[["input_1", 0, 0, {}]]], "name": "conv2d_2"}, {"class_name": "MaxPooling2D", "config": {"name": "max_pooling2d_1", "trainable": true, "data_format": "channels_last", "pool_size": [2, 2], "padding": "same", "strides": [2, 2]}, "inbound_nodes": [[["conv2d_1", 0, 0, {}]]], "name": "max_pooling2d_1"}, {"class_name": "MaxPooling2D", "config": {"name": "max_pooling2d_2", "trainable": true, "data_format": "channels_last", "pool_size": [2, 2], "padding": "same", "strides": [2, 2]}, "inbound_nodes": [[["conv2d_2", 0, 0, {}]]], "name": "max_pooling2d_2"}, {"class_name": "Flatten", "config": {"trainable": true, "name": "flatten_1"}, "inbound_nodes": [[["max_pooling2d_1", 0, 0, {}]]], "name": "flatten_1"}, {"class_name": "Flatten", "config": {"trainable": true, "name": "flatten_2"}, "inbound_nodes": [[["max_pooling2d_2", 0, 0, {}]]], "name": "flatten_2"}, {"class_name": "Concatenate", "config": {"trainable": true, "name": "concatenate_1", "axis": -1}, "inbound_nodes": [[["flatten_1", 0, 0, {}], ["flatten_2", 0, 0, {}]]], "name": "concatenate_1"}, {"class_name": "Dense", "config": {"kernel_initializer": {"class_name": "VarianceScaling", "config": {"distribution": "uniform", "scale": 1.0, "seed": null, "mode": "fan_avg"}}, "name": "dense_1", "kernel_constraint": null, "bias_regularizer": null, "bias_constraint": null, "activation": "linear", "trainable": true, "kernel_regularizer": null, "bias_initializer": {"class_name": "VarianceScaling", "config": {"distribution": "uniform", "scale": 1.0, "seed": null, "mode": "fan_avg"}}, "units": 10, "use_bias": true, "activity_regularizer": null}, "inbound_nodes": [[["concatenate_1", 0, 0, {}]]], "name": "dense_1"}, {"class_name": "Activation", "config": {"activation": "softmax", "trainable": true, "name": "activation_1"}, "inbound_nodes": [[["dense_1", 0, 0, {}]]], "name": "activation_1"}], "input_layers": [["input_1", 0, 0]], "output_layers": [["activation_1", 0, 0]], "name": "model_1"}, "backend": "tensorflow"}