<?xml version="1.0" encoding="utf-8"?>
<!-- Copyright 2019-2020 The MathWorks, Inc. -->
<rsccat version="1.0" locale="en_US" product="MATLAB">
  <message>

      <entry key="MCP2515missingCSINT">Both 'ChipSelectPin' and 'InterruptPin' must be specified for MCP2515 device.</entry>
      <entry key="MCP2515csIntConflict">Use different values for 'ChipSelectPin' and 'InterruptPin'.</entry>
      <entry key="MCP2515missingINT">'InterruptPin' must be specified for MCP2515 device. Valid values are {0}.</entry>
      <entry key="noMCP2515">Unable to find {0}. Check if the chip select pin and the interrupt pins are correctly connected.</entry>
      <entry key="MCPinitializationFailure">Unable to initialize MCP2515. ACAN2515 driver returned {0}.</entry>
      <entry key="oscFreqNotAllowedForShields">'OscillatorFrequency' is not supported when 'deviceName' is a shield.</entry>
      	  
  </message>
</rsccat>
