<?xml version="1.0" encoding="UTF-8"?>
<!--Copyright 2023 The MathWorks, Inc.-->

<rsccat xmlns:xsi="http://www.w3.org/2001/XMLSchema-instance" version="1.0" locale="ja_JP" product="MATLAB" xsi:noNamespaceSchemaLocation="../../../../resources/schema/msgcat.xsd">
  <message>
    <entry key="needHTTPorRTSPStreamURL">URL 入力は、MJPEG は HTTP/RTSP、H.264 は RTSP の URL である必要があります。</entry>
    <entry key="invalidInputArgs">入力引数が不足しています。‘Username’ または ‘Password’ がありません。</entry>
    <entry key="cannotConnect">IP カメラ ストリームの URL に接続できません。URL が正しいこと、および認証が行われていること (必要な場合) を確認してください。</entry>
    <entry key="timeout">カメラからの取得中にタイムアウトが発生しました。カメラがまだアクセス可能であることを確認するか、低速ネットワークのタイムアウト値を増やしてください</entry>
    <entry key="invalidClosePreview">closepreview に対する完全一致 (大文字小文字を区別) が見つかりません。代わりに closePreview(OBJ) を使用してください。</entry>
    <entry key="noconcatenation">IPCAM オブジェクトを連結できません。</entry>
    <entry key="invalidImageHandle">イメージ ハンドルが有効ではありません。</entry>
    <entry key="singleSnapshotURL">IPCAM には、スナップショットの URL ではなく、Motion JPEG の HTTP URL が必要です。スナップショットの URL の場合は webread を使用してください。MJPEG の URL の場合は、低速ネットワークのタイムアウト値を増やしてください。</entry>
    <entry key="invalidUpdateFunction">'UpdatePreviewWindowFcn' の関数ハンドルが無効です。入力引数は function_handle オブジェクトでなければなりません。プレビューを停止します。</entry>
    <entry key="h264Disabled">OpenH264 プラグインが無効です。プラグインを有効にするには、MATLAB コマンド ウィンドウで「ipcamsetup」と入力し、カメラへの接続を再度作成します。</entry>
    <entry key="missingOpenh264Library">このアプリケーションで使用される MATLAB Support Package for IP Cameras には、Cisco OpenH264 ライブラリが必要です。詳細については、MATLAB Support Package for IP Cameras のドキュメンテーションの「Device connection」 &gt; 「IP Camera Acquisition Overview」を参照してください。</entry>
    <entry key="unsupportedFormatType">形式タイプ {0} はサポートされていません。入力は、MJPEG は HTTP/RTSP、H.264 は RTSP の URL である必要があります。</entry>
    <entry key="unsupportedAuthentication">認証タイプ {0} はサポートされていません。認証タイプを基本に変更してください。</entry>
    <entry key="incorrectCredentials">ユーザー名またはパスワードが正しくないため、IP カメラ ストリームの URL に接続できません。</entry>
  </message>
</rsccat>
