<?xml version="1.0" encoding="utf-8"?>
<!-- Copyright 2015-2023 The MathWorks, Inc. -->
<rsccat version="1.0" locale="en_US" product="MATLAB">
  <message>
      <entry key="needHTTPorRTSPStreamURL">URL input needs to be a MJPEG HTTP/RTSP or H.264 RTSP URL.</entry>
      <entry key="invalidInputArgs">Not enough input arguments. Either ‘Username’ or ‘Password’ is missing.</entry>  
      <entry key="cannotConnect">Cannot connect to the IP Camera Stream URL. Make sure the URL is correct and authentication is provided if needed.</entry>    
      <entry key="timeout">Timeout occurred while acquiring from the camera. Make sure your camera is still accessible or increase the timeout for slow networks</entry>    
      <entry key="invalidClosePreview">Cannot find an exact (case-sensitive) match for closepreview. Use closePreview(OBJ) instead.</entry>
      <entry key="noconcatenation">IPCAM objects cannot be concatenated.</entry>
      <entry key="invalidImageHandle">Image handle is not valid.</entry>    
      <entry key="singleSnapshotURL">IPCAM requires a Motion JPEG HTTP URL and not a snapshot URL. For snapshot URLs use webread. If it is a MJPEG URL increase timeout for slow networks.</entry>    
      <entry key="invalidUpdateFunction">Invalid function handle for 'UpdatePreviewWindowFcn'. Input argument must be a function_handle object. Stopping preview.</entry>
      <entry key="h264Disabled">OpenH264 plugin is disabled. To enable the plugin, type 'ipcamsetup' in the MATLAB Command Window, and create the connection to the camera again.</entry>
      <entry key="missingOpenh264Library">MATLAB Support Package for IP Cameras used in this application requires Cisco OpenH264 library. See "Device connection" > "IP Camera Acquisition Overview" in the MATLAB Support Package for IP Cameras documentation for more details.</entry>
      <entry key="unsupportedFormatType">Unsupported format type {0}. Input needs to be a MJPEG HTTP/RTSP or H.264 RTSP URL.</entry>
      <entry key="unsupportedAuthentication">Unsupported authentication type {0}, try changing the authentication type to Basic.</entry>
      <entry key="incorrectCredentials">Unable to connect to the IP Camera Stream URL due to incorrect Username or Password.</entry>
  </message>
</rsccat>
