<?xml version="1.0" encoding="UTF-8" standalone="yes"?>
<instructions>
    <platform>glnxa64</platform>
    <downloadInstruction>
        <downloadUrl>https://ssd.mathworks.com/supportfiles/downloads/SupportPackageThirdParty/R2021bv2/arduinoide/glnxa64/MW_arduino-1.8.19-linux64_21b.tar.gz</downloadUrl>
        <archive>MW_arduino-1.8.19-linux64_21b.tar.gz</archive>
    </downloadInstruction>
	<installInstructions xmlns:xsi="http://www.w3.org/2001/XMLSchema-instance" xsi:type="ExtractInstruction">
        <archiveType>GZIPPED_TAR_ARCHIVE</archiveType>
        <archiveName>$IS_DOWNLOADED_FILE</archiveName>
    </installInstructions> 
	<displayName>Arduino software</displayName>
    <licenseUrl>http://www.mathworks.com/supportfiles/roth/License_ArduinoIDE.txt</licenseUrl>
    <checksum>c9dc240206c941b5efaba12a18b828a3</checksum>
</instructions>
