<?xml version="1.0" encoding="UTF-8" ?>
<!-- Copyright 2020-2023 The MathWorks, Inc. -->
<rsccat version="1.0" locale="en_US" product="dlcoder_spkg">
  <message>
    <entry key="ImageSequenceInputNotSupported">Code generation for dlnetwork objects with image sequenceInputLayers are not supported.</entry> 
    <entry key="UnformattedDLArrayNotSupported">Input dlarray argument to ''{0}'' method must be a formatted dlarray.</entry> 
    <entry key="UnsupportedInputFormat">Input data argument to predict must be dlarray type.</entry> 
    <entry key="UnsupportedNameValueOption">The ''{0}'' option of {1} function is not supported for code generation.</entry> 
    <entry key="NonConstantLayerNames">Outputs value passed to the {0} method must be a code generation time constant.</entry>
    <entry key="UnsupportedOutputsValue">Outputs value passed to the {0} method must be a string array or a cell array of character vectors</entry>
    <entry key="DlArrayTypeInCustomLayer">Unsupported custom layer {0}. Code generation does not support custom layers with predict function returning dlarray objects.</entry>
    <entry key="ReturningStateNotSupported">Code generation for predict function does not support returning state.</entry>
    <entry key="DLNetworkCodegenNotSupported">Code generation for dlnetwork object is not supported.</entry>
    <entry key="PropertyNotSupported">Property ''{0}'' of dlnetwork object is not supported for code generation.</entry>
    <entry key="DlNetworkMLFBNotSupported">Use of dlnetwork objects inside a MATLAB Function Block is not supported.</entry> 
    <entry key="UnsupportedMethod">The method ''{0}'' of dlnetwork class is not supported for code generation.</entry>
    <entry key="InvalidOutputLayerTensorRT">Code generation for TensorRT library does not support marking input layer ''{0}'' as an output. Pass a different layer name to 'Outputs' name-value argument.</entry>
    <entry key="DLNetworkWithOutInputLayersNotSupported">Code generation does not support dlnetwork objects without input layers.</entry>
    <entry key="SequenceAndNonSequenceInputsNotSupported">Code generation for {0} library does not support dlnetwork objects with combinations of sequence and non-sequence input layers.</entry>
    <entry key="UnsupportedInputDataType">Input dlarray of ''{0}'' type to predict method of dlnetwork is not supported for code generation. Cast inputs to 'single' type before invoking predict.</entry>
    <entry key="UnsupportedPIRIntroducedLayer">Layer ''{0}'' does not support input format ''{1}'' for target 'none'. See documentation for a list of supported formats with each target library.</entry>
    <entry key="VaryingInputFormat">Format of the input data {0} passed to the {2} method must be the same as the format of previous input data {1} passed to other {2} methods on the same network object.</entry>
  </message>
</rsccat>
