<?xml version="1.0" encoding="UTF-8" ?>
<!-- Copyright 2011-2022 The MathWorks, Inc. -->
<rsccat version="1.0" locale="en_US" product="dlcoder_spkg">
    <message>
        <entry key="roiIncorrectNumel">ROI must be a row array with 4 elements. </entry>
        <entry key="roiConstant">For code generation, the parameter 'roi' must be a coder.Constant type. </entry>
        <entry key="InvalidNVP"> Input name-value pair for DetectionPreprocessing is not valid. </entry>
        <entry key="ClassNamesTypeNotSupported">ClassNames property in the trained Yolov2 object detector has invalid data types. </entry>
        <entry key="VariableSizedInputYOLOv2">Input height, width, channels and batch size passed to yolov2ObjectDetector's detect method must be fixed size for code generation.</entry>
        <entry key="VariableSizeChannelBatchSSD">Input channels and batch size passed to ssdObjectDetector's detect method must be fixed size for code generation.</entry>
        <entry key="VariableSizeChannelBatch">Input channels and batch size to {0} detect method must be fixed size for code generation.</entry>
        <entry key="VariableSizeMiniBatch">MiniBatchSize name-value pair passed to detect method must be fixed size for code generation.</entry>
        <entry key="VariableSizedInputDetector">Input height, width, channels and batch size passed to detector's detect method must be fixed size for code generation.</entry>
    </message>
</rsccat>
