<?xml version="1.0" encoding="UTF-8" ?>
<!-- Copyright 2021-2022 The MathWorks, Inc. -->
<rsccat version="1.0" locale="en_US" product="dlcoder_spkg">
  <message>
    <entry key="NoParamsInfoFile">Unable to find network parameter information file in {0}. Regenerate code for the network or specify a valid directory containing the generated code for the network as the second argument to 'coder.regenerateDeepLearningParameters'.</entry>
    <entry key="NoParamsInfoFileForNetworkName">Unable to find network parameter information file for network with name {0} in {1}. Regenerate code for the network or specify a valid directory containing the generated code for the network as the second argument to 'coder.regenerateDeepLearningParameters'.</entry>
    <entry key="MultipleParamsInfoFile">Found generated code for multiple networks in {0}. Use the network name option of 'coder.loadDeepLearningNetwork' in the entry-point function and regenerate code to create a unique name for the C++ class generated from the network. Provide the same network name value to 'coder.regenerateDeepLearningParameters'.</entry>
    <entry key="IncorrectNetworkHash">
        <![CDATA[Network architecture has been modified since the last code generation. 
        Unable to accommodate the provided network in the generated code. 
        Regenerate code for the provided network to reflect changes in the network.
        For more information, see <a href="matlab:helpview(fullfile(docroot, 'coder', 'helptargets.map'), 'error_postcodegen_update_limitations')">Limitations to Regenerating Network Parameters After Code Generation</a>.
        ]]>
    </entry>
    <entry key="InvalidNetworkInput">Pass the network as the first argument -- supported types are: dlnetwork, DAGNetwork or SeriesNetwork.</entry>
    <entry key="IncorrectCharactersRead">Network parameter information file is corrupted. Regenerate code for the network.</entry>
    <entry key="UnsupportedTargetLibForUpdate">Regenerating network parameters is not supported for {0} target library.</entry>
    <entry key="VersionMismatch">MATLAB version has changed since the last code generation. Unable to accommodate the provided network in the generated code. Regenerate code for the provided network.</entry>
    <entry key="GlobalQuantizationNotSupported">INT8 code for the network was generated from a deep learning code generation configuration object containing calibration results. Regenerating parameters in such workflows is not supported. Regenerate code for the network after removing the calibration results from the deep learning code generation configuration object.</entry>
    <entry key="TensorRTQuantizationNotSupported">Regenerating parameters for INT8 code generated for 'tensorrt' target library is not supported.</entry>
    <entry key="CallClearMex">To use the regenerated parameters, unload the MEX function from memory by using 'clear'. For example, 'clear fcn_name_mex'."</entry>
    <entry key="NoParamsRegenerated">Network contains no regenerable parameters.</entry>
    <entry key="CodegenDirectoryMismatch">Unable to regenerate network parameters for the MEX function as the code generation directory has changed from {0} to {1}. To update network parameters in {0}, enable the 'OverrideParameterFiles' property in 'coder.regenerateDeepLearningParameters'.</entry>
    <entry key="IgnoreOverrideParameterFiles">Regenerating parameters for standalone code generation does not support property 'OverrideParameterFiles' provided to 'coder.regenerateDeepLearningParameters'. This property will be ignored.</entry>
  </message>
</rsccat>
