<?xml version="1.0" encoding="UTF-8" ?>
<!-- Copyright 2020-2022 The MathWorks, Inc. -->
<rsccat version="1.0" locale="en_US" product="dlcoder_spkg">
  <message>
    <entry key="InvalidTargetLibrary">Target library ''{0}'' is not supported for INT8 code generation with a quantized deep learning network. Supported target libraries are {1}. </entry>      
    <entry key="InvalidINT8Workflow">Provided network already contains the quantization specification. Remove the calibration results file from the deep learning configuration.</entry>
    <entry key="DLNetworkIsNotSupportedForINT8Workflow">Code generation for dlnetwork is not supported for 'int8' data type. Supported network types for 'int8' are SeriesNetwork and DAGNetwork.</entry>      
</message>
</rsccat>
