<?xml version="1.0" encoding="UTF-8" ?>
<!-- Copyright 2021 The MathWorks, Inc. -->
<rsccat version="1.0" locale="en_US" product="dlcoder_spkg">
    <message>
        <entry key="SimulinkNotSupportSetLearnables">Updating learnables for deep learning networks is not supported in Simulink.</entry>
        <entry key="SimulinkNotSupportQuantizedNet">Quantized networks are not supported in Simulink.</entry>
        <entry key="UnsupportedWorkflow">Simulink workflow is not supported for {0} target.</entry>
    </message>
</rsccat>

<!-- LocalWords:  learnables
-->
