<?xml version="1.0" encoding="UTF-8" ?>
<!-- Copyright 2020 The MathWorks, Inc. -->
<rsccat version="1.0" locale="en_US" product="dlcoder_spkg">
  <message>
    <entry key="invalid_parameter_value">Invalid value for parameter ''{0}''. Parameter value must be {1}. </entry>
    <entry key="UnsupportedDatastore">Calibration datastore must be an imageDatastore. </entry>
    <entry key="imageDatastoreIsEmpty">Calibration datastore must not be empty. </entry>
    <entry key="IncreaseReadSizeofImageDataStore">ImageDatastore ReadSize in 'CalibrationDataStore' property of QuantizationSpec object is set to 1. Please choose a suitable ReadSize to speed-up calibration.</entry>
</message>
</rsccat>