<?xml version="1.0" encoding="UTF-8" ?>
<!-- Copyright 2011-2022 The MathWorks, Inc. -->
<rsccat version="1.0" locale="en_US" product="dlcoder_spkg">
	<message>
		<entry key="invalidNetwork">First argument to validateNetwork must be a dlnetwork, DAGNetwork, or SeriesNetwork.</entry>
		<entry key="malformedInput">Third argument to validateNetwork must be a 1-by-n or n-by-1 cell array where n is the number of inputs to the network. For dlnetworks, the cell array must contain formatted dlarray objects or formatted placeholderArrays. For DAGNetworks or SeriesNetworks, the cell array must contain numeric arrays.</entry>
		<entry key="malformedDlarray">A dlarray input must have a valid 'DataFormat'. For example, 'SSC'.</entry>
		<entry key="malformedNumericArray">A numeric array input must be a 4-by-1 row vector containing height, width, channels, and batch size in that order. Singleton dimensions must be 1.</entry>
		<entry key="invalidDlnetworkInput">When the first argument to validateNetwork is a dlnetwork, the third argument must be a cell array of formatted dlarray objects or formatted placeholderArrays.</entry>
		<entry key="invalidDAGNetworkInput">When the first argument to validateNetwork is a DAGNetwork or SeriesNetwork, the third argument must be a cell array of numeric arrays.</entry>
		<entry key="AddLayerDimsMismatch">Input dimensions to additionLayer ''{0}'' do not match. For code generation, input dimensions of all inputs to additionLayer must match.</entry>
		<entry key="NonInitialRnnState">Code generation is not supported for DAGNetwork or SeriesNetwork objects containing LSTM, BiLSTM, or GRU layers with non-initial HiddenState or CellState properties. Before generating code, reset these states to the initial states by calling resetState.</entry>
		<entry key="UnsupportedLayerType">Unsupported layer type.</entry>
		<entry key="UnsupportedInputLayerType">Code generation for input layer ''{0}'' of type {1} is not supported.</entry>
		<entry key="LayerDiagnosticsAndUnsupportedTypesSummary">Found {0} unsupported layer type(s) and {1} other issue(s) in {2} layer(s).</entry>
		<entry key="UnsupportedLayerTypesSummary">Found {0} unsupported layer type(s).</entry>
		<entry key="LayerDiagnosticsSummary">Found {0} issue(s) in {1} layer(s).</entry>
		<entry key="UnsupportedInputFormatToNetwork">Code generation does not support dlnetwork initialized with {0} input format.</entry>
		<entry key="SeeLayerDiagnostics">View layer diagnostics.</entry>
		<entry key="SeeNetworkDiagnostics">View network diagnostics.</entry>
		<entry key="SeeIncompatibleLayerTypes">View incompatible layer types.</entry>
		<entry key="SummaryHyperlinkHeader">Displaying {0} for ''{1}'' target.</entry>
		<entry key="NetworkDiagnosticsSummary">Found {0} issue(s).</entry>
		<entry key="HyperlinkExpired">The link has expired. Re-run analyzeNetworkForCodegen function to view details.</entry>
		<entry key="NetworkDiagnostics">network diagnostics</entry>
		<entry key="LayerDiagnostics">layer diagnostics</entry>
        <entry key="MissingSupportPackageForTargetLib">Could not validate due to missing support package.</entry>
        <entry key="LinkTextToInstallSupportPackage">View additional information.</entry>
		<entry key="IncompatibleLayerTypes">incompatible layer types</entry>
		<entry key="PoolIndicesSizeOutputs">For code generation, querying 'indices' or 'size' output of Maxpooling2dLayer is not supported. If you are not interested in these additional outputs, consider setting the 'HasUnpoolingOutputs' property of the layer to false.</entry>
		<entry key="PoolIndicesSizeOutputToArbitraryLayer">For code generation, the 'indices' or 'size' output of Maxpooling2dLayer can be connected to a MaxUnpooling2dLayer only. If you are not interested in these additional outputs, consider setting the 'HasUnpoolingOutputs' property of the Maxpooling2dLayer to false.</entry>
                <entry key="UnsupportedFormat">Layer {0} receives {1} input format, which is not supported. For code generation, {2} only supports {3} format.</entry>
                <entry key="AvgPoolPaddingValueNotSupported">Layer ''{0}'' has a non-default padding value with asymmetric padding. Code generation for {1} using {2} target library only supports 'mean' padding value for symmetric padding.</entry>
	</message>
</rsccat>
