<?xml version="1.0" encoding="UTF-8" ?>
<rsccat version="1.0" locale="en_US" product="targetsdk" xmlns:xsi="http://www.w3.org/2001/XMLSchema-instance" xsi:noNamespaceSchemaLocation="../../schema/msgcat.xsd">
    <message> 
        <entry key="InvalidProfilerDataType">Invalid data type set for profiler. Valid data types are: {0}.</entry>  
        <entry key="CantRemoveTargetFolder">deleteTarget tried to remove the target's root folder {0} but it failed with the following message:\n{1}\nTry to remove the folder manually.</entry>
        <entry key="TargetNameSameAsReferenceTarget">The target name is invalid. The name cannot be ARM Cortex-A nor ARM Cortex-M since these are reference targets.</entry>
        <entry key="InvalidTargetName">The target name is invalid. The name must start with a letter and may contain only letters, numbers and spaces.</entry>
        <entry key="InvalidDisplayName">The display name for the hardware board {0} is not valid. The name must start with a letter and may contain only letters, numbers and spaces.</entry>
        <entry key="UnmappedHW">Cannot get the display name since the hardware board {0} is not mapped. Map the hardware board to your target.</entry>
        <entry key="InvalidInputArgumentNumber">Invalid number of input arguments are specified.</entry>
        <entry key="InvalidOptionalInput">A valid input for optional argument is {0}.</entry>
        <entry key="InvalidOptionalInputs2">Valid inputs for optional argument are {0} and {1}.</entry>
        <entry key="TcpipUnsupportedUseSerial">TCPIP support is in development. Please try using serial for {0}.</entry>
        <entry key="TargetAlreadyConnected">The hardware is already connected.</entry>      
        <entry key="NoTargetToDisconnect">The hardware connection does not exist to be disconnected.</entry>   
        <entry key="SkipTargetCheck">Skipped pinging the hardware.</entry>   
        <entry key="TargetNotDisconnected">The hardware is not disconnected.</entry>     
        <entry key="TargetDisconnected">The hardware is disconnected.</entry>    
        <entry key="ConnectionEstablished">Connected to {0}({1}).</entry>
        <entry key="UnresponsiveTarget">The hardware is unresponsive.</entry> 
        <entry key="TargetNotConnected">The hardware is not connected to the host.</entry>
        <entry key="TargetRespondedWith">The hardware responded with {0}.</entry>
        <entry key="FlushedBuffer">Flushed the message receive buffer.</entry>
        <entry key="ConnectTargetFirst">Please connect the hardware before attempting to communicate with it.</entry>
        <entry key="UnknownCommunicationChannel">The provided communication channel value is unknown.</entry>
        <entry key="TargetRestartMessage">Please restart the hardware within {0} seconds.</entry>
        <entry key="InvalidFileName">Please provide a valid file name.</entry>
        <entry key="InvalidTargetType">Please provide a valid hardware type.</entry>
        <entry key="CheckSuccessful">The flash check operation is successful.</entry>
        <entry key="UseDefaultConnectionOptions">Proceeding with default connection options.</entry>
        <entry key="PreCheckSuccessful">Pre-check for the hardware's flash memory is successful, and the file is not sent to the hardware.</entry>
        <entry key="LoadSuccessful">Loading the file to the hardware's flash memory is successful.</entry>
        <entry key="ReadBlankCheckInput">Received blank result from the hardware. Please check the validity of the address and the length.</entry>
        <entry key="ReadFailedNoResponse">Read operation failed to get response from the hardware.</entry>
        <entry key="ReadNeedsFullAddress">Read operation requires 32bit address field in hexagonal representation.</entry>
        <entry key="ReadNeedsValidLength">Read operation requires a valid length field in decimal representation.</entry>
        <entry key="ReadNeedsValidinputs">Invalid inputs specified. Please try ADDR(hex),Len(decimal) or VAR,{0} or INDEX(decimal),{1} or mapfile.map,{2}.</entry>
        <entry key="ReadNeedsValidVarName" note="stringDatatypeUpdate">Read operation requires a valid character vector for a variable name.</entry>
        <entry key="ReadNeedsValidMapIndex">Read operation requires a valid number as the index in the parsed map file.</entry>
        <entry key="NeedMapAndTarget">This read operation requires the hardware to be connected and the map file to be parsed.</entry>
        <entry key="LogicalValueInvalid">The {0} property of {1} must be specified as a logical value, or as a numerical value equal to 0 or 1.</entry> 
        <entry key="NotCVar">The {0} property of {1} must be specified as a valid C variable.</entry> 
        <entry key="NotCFunc">The {0} property of {1} must be specified as a valid C function.</entry>     
        <entry key="NotFileName">The {0} property of {1} must be specified as a character array or string.</entry>         
        <entry key="WriteSuccessful">Write operation to the hardware's RAM is successful.</entry>
		<entry key="WriteFailed">Write operation to the hardware's RAM failed.</entry>
        <entry key="WriteFailedNoResponse">Write operation failed to get response from the hardware.</entry>
        <entry key="WriteNeedsValidAddrAndLen">Write operation requires 32bit address in hexagonal representation and new data to fill 1/2/4 memory locations.</entry>
        <entry key="WriteNeedsValidinputs">Invalid inputs specified. Please try ADDR(hex),NewVal(decimal) or VAR,VAL(hex),{0} or INDEX(decimal),VAL(hex),{1}.</entry>
        <entry key="WriteNeedsValidVarName" note="stringDatatypeUpdate">Write operation requires a valid character vector for a variable name.</entry>
        <entry key="WriteNeedsValidMapIndex">Write operation requires a valid number as the index in the parsed map file.</entry>
        <entry key="FirwmareExistsAlready">The bootloader already exists on the hardware.</entry>
        <entry key="NewFirmwareArguments">Please provide the command as obj.{0}({1},myhex.{2}) or obj.{3}({4},myhex.{5}) or obj.{6}({7},myhex.{8}).</entry>
        <entry key="ThirdPartyCalled">A call had been made to an appropriate third party application.</entry>
        <entry key="ProvideValidFileExtension">Please provide a valid {0} file.</entry>
        <entry key="NeedDriveLetterForNucleo">Please enter drive letter of the Nucleo board on the host.</entry>
        <entry key="NotAWindowsPC">Host operating system is not Windows based.</entry>
        <entry key="NoSupportPackage">No support package found for {0}.</entry>
        <entry key="ProvideValidInputToSet2">Please provide a valid input, either {0} or {1}.</entry>
        <entry key="PresentSettingIsSameAsProvided">Current setting is same as that is provided.</entry>
        <entry key="CanNotAssignFromCommandLine">Can not assign this property from command line interface.</entry>
        <entry key="SettingPropertyFailed">Set method failed.</entry>
        <entry key="SettingPropertySuccess">Set method succeeded.</entry>
        <entry key="CanNotChangeWhenConnected">Can Not change the {0} when the hardware is connected.</entry>
        <entry key="SerialBaudRateOutOfRange">Possible baudrates are integers between {0}bps and {1}bps, and multiples of {2} bps.</entry>
        <entry key="SerialPortNumberInvalidValues">Invalid input. Possible input value is 'COMx'(x is positive integer) for Windows, and '/dev/y' for Linux/Mac.</entry>
        <entry key="RetryCountInvalidValues">Possible input values are positive integers between {0} and {1}.</entry>
        <entry key="TimeToWaitInvalidValues">Possible input values are positive real numbers between {0} and {1} with {2} seconds resolution.</entry>
        <entry key="CanNotDestroyItself">The present object is alive and can not destroy its connection with the hardware.</entry>
        <entry key="ReadingMapSuccessful">The map file has been read successfully.</entry>
        <entry key="ParseMapInvalidInputs">Please use read() for parsing the map file.</entry>
        <entry key="NeedtoParseMap">Please parse the map file before performing this operation.</entry>  
        <entry key="LoadNeedsFileInput">Load method requires (file input, and the optional argument {0}) or (hardware type, and the argument {1}) .</entry>  
        <entry key="CheckNeedsFileInput">Check method requires file input.</entry>  
        <entry key="CreateFirwmareNeedsInputs">The {0} method requires a hardware type and a valid executable.</entry>  
        <entry key="HWToggleInputs">Please enter the parent object as input. ex: obj.Target.toggle_GPIOx(obj).</entry>    
        <entry key="HWToggleSuccess">The toggle operation succeeded.</entry>   
        <entry key="HWToggleFailure">The toggle operation failed.</entry>  
        <entry key="JumpProcessed">Processing the jump command.</entry>    
        <entry key="JumpNotProcessed">Not processing the jump command.</entry>  
        <entry key="NotRunningConcurrentExecutionTest">The concurrent execution test point does not run by default. For a target with multiple cores, the concurrent execution test point can be enabled by setting the 'TestConcurrentExecution' field to true in the target specific options structure i.e. Options.TestConcurrentExecution= true</entry>
    </message>
</rsccat>

