<?xml version="1.0" encoding="UTF-8" ?>
<rsccat version="1.0" locale="en_US" product="targetsdk" xmlns:xsi="http://www.w3.org/2001/XMLSchema-instance" xsi:noNamespaceSchemaLocation="../../schema/msgcat.xsd">
    <message>
        <entry key="SelectHexFile">Select an intel hex file for reprogramming.</entry>
        <entry key="FileSelectionCancelled">File selection was cancelled by the user.</entry>
        <entry key="NeedValidFile">Please select a valid file compatible with the memory region chosen.</entry>
        <entry key="NoFactoryBootMode">Factory programmed bootloader mode is in development phase.</entry>
        <entry key="SerialPortNotOpen">The provided serial instance is not opened.</entry>
        <entry key="RetryingMessage">Retry attempt number: {0}</entry>
        <entry key="FirmwareErasesFlashNow">The bootloader started the flash erase process.</entry>
        <entry key="FirmwareFlashEraseSkipped">The bootloader skipped the flash erase process.</entry>
        <entry key="WaitingToCheckTarget">Waiting for a pre-set time before checking for the hardware response.</entry>
        <entry key="AppNowFwToStart">The application is executing now. Control over the hardware will be given to the bootloader.</entry>
        <entry key="RAMNowFwToStart">The RAM function is executing now. Control over the hardware will be given to the bootloader.</entry>
        <entry key="NoTargetResponceAfterLastOprn">The hardware did not respond after the last operation.</entry>
        <entry key="NoTargetResponceAfterReset">The hardware did not respond after a reset operation.</entry>
        <entry key="WrongCtrlToAppInsteadOfFW">Control over the hardware went to the application instead of the bootloader.</entry>
        <entry key="NoCtrltoFW">Control over the hardware did not go to the bootloader.</entry>
        <entry key="CheckWithWrongAreaIP">The check command is specified with the wrong flash area.</entry>
        <entry key="FlashEraseTime">The Flash erase operation took {0} seconds.</entry>
        <entry key="StartedFlashTransfer">Started transferring the new flash contents.</entry>
        <entry key="EraseFailed">The flash erase operation failed.</entry>
        <entry key="WriteFailed">The flash write operation failed.</entry>
        <entry key="CheckFailed">The flash check operation failed.</entry>
        <entry key="LinePercentageProcessed">Percentage of {0} processed:   </entry>
        <entry key="FlashwriteTime">The Flash write operation took {0} seconds.</entry>
        <entry key="FlashCheckTime">The Flash check operation took {0} seconds.</entry>
        <entry key="FirmwareStarted">The bootloader execution started.</entry>
        <entry key="ApplicationStarted">The Application execution started.</entry>
        <entry key="ApplicationInitiated">The Application execution initiated.</entry>
        <entry key="UnknownFailure">An Unknown failure occurred.</entry>
        <entry key="FileNotFound">The specified file is not found.</entry>
        <entry key="TryHelp">Please try help {0}.</entry>
        <entry key="InvalidInputs">Invalid inputs were provided.</entry>
        <entry key="NoExtModeSupported">External mode is not supported with the bootloader. Please unselect the bootloader to proceed with External mode.</entry>
        <entry key="InvalidModel">Invalid access to the configuration settings. Ensure that correct number of arguments are provided.</entry>
        <entry key="NoBootloader">The bootloader does not exist on the hardware. Please load the bootloader before usage.</entry>
        <entry key="ThirdPartyMissing">The hardware board "{1}" requires the {2} to run the generated code. You can either install the "{0}" or select "Generate Code Only" from the Configuration Parameters > Code Generation to skip the execution of the generated code. To install the "{0}", run the &lt;a href=&quot;matlab:getQEMUEmulatorAddOn&quot;&gt;getQEMUEmulatorAddOn&lt;/a&gt; utility, select the "{2}" add-on and follow the steps in the Support Package Installer GUI.</entry>
    </message>
</rsccat>

