<?xml version="1.0" encoding="UTF-8" ?>
<rsccat version="1.0" locale="en_US" product="raspi" xmlns:xsi="http://www.w3.org/2001/XMLSchema-instance" xsi:noNamespaceSchemaLocation="../../schema/msgcat.xsd">
    <message>
        <!-- setRaspiOnlineSetting -->
        <entry key="FailedSettings">Fail to set Raspberry Pi MATLAB Online settings. Please contact MathWorks technical support to report this error.</entry>
        
        <!-- raspilist -->
        <entry key="NoRaspiFound">Raspberry Pi hardware board not detected. See &lt;a href=&quot;matlab:helpview(raspi.internal.getDocMap, ''raspi_online_setup'')&quot;&gt;Set Up Raspberry Pi Hardware for MATLAB Online&lt;/a&gt;.</entry>
        <entry key="NoRaspiConnectable">Unable to connect to a Raspberry Pi hardware board. Device status must be ''Ready to connect'' in raspilist output.</entry>
        <entry key="StatusReady">Ready to connect</entry>
        <entry key="StatusConnected">Connected</entry>
        <entry key="StatusUpgrade">Upgrade required</entry>
        <entry key="StatusLogin">Authentication required</entry>
        <entry key="StatusUpgradeLink">&lt;a href=&quot;matlab:helpview(raspi.internal.getDocMap, ''raspi_online_upgrade'')&quot;&gt;Upgrade required&lt;/a&gt;</entry>
        <entry key="StatusLoginLink">&lt;a href=&quot;matlab:helpview(raspi.internal.getDocMap, ''raspi_online_authenticate'')&quot;&gt;Authentication required&lt;/a&gt;</entry>
        <entry key="InvalidPiStatus">Invalid Raspberry Pi status. Make sure matlab-rpi package installed on Raspberry Pi is up to date.</entry>
        
        <!-- raspi -->
        <entry key="InvalidRaspiParams">Too many input arguments.</entry>
        <entry key="InvalidAddrParams">Argument must be a Raspberry Pi name or serial number specified as scalar string or character array. Use raspilist to find available names and serial numbers.</entry>
        <entry key="AmbiguousPiName">The provided name ''{0}'' matched following Raspberry Pi boards with serial numbers ''{1}''. Specify the serial number to raspi.</entry>
        <entry key="LastPiUnavailable">Unable to connect to last successfully used Raspberry Pi hardware board. Specify the name or serial number of a Raspberry Pi with device status ''Ready to connect''.</entry>
        <entry key="InvalidAddress">Unable to connect to Raspberry Pi hardware board ({0}). To see list of available devices and statuses, run ''raspilist''.</entry>
        <entry key="InvalidStatus">Unable to connect to Raspberry Pi hardware board ({0}) because device status is ''{1}''. To see list of available devices and statuses, run ''raspilist''.</entry>
        <entry key="FailedConnect">Failed to connect to IO server on Raspberry Pi hardware board. Try running raspi again.</entry>
           
        <!-- system -->
        <entry key="FailedSSH">Unable to execute command ''{0}''. Raspberry Pi hardware board returned the following error message:\n{1}</entry>
        <entry key="NoSudoSSH">Executing command as root is not supported.</entry>
        <entry key="UnsupportedSSH">Command is not supported. Linux commands must be {0}.</entry>
        <entry key="InvalidSystemCmd">Executing multiple commands is not supported.</entry>
        
        <!-- getFile -->
        <entry key="FailedGetFile">Failed to get file from Raspberry Pi hardware board\n{0}</entry>
        <entry key="GetFileRetry">Try running ''getFile'' again.</entry>
        <entry key="InvalidDestination">Destination folder must be under ''/MATLAB Drive''.</entry>
        <entry key="PiFileNotFound">Unable to find file ''{0}''.</entry>
        <entry key="FailedGDSLogin">Failed to log into MATLAB Drive on Raspberry Pi hardware board.</entry>
        <entry key="FolderNotExist">Destination folder does not exist in MATLAB Drive. Create folder then run getFile again.</entry>
        <entry key="GetFileNoResponse">Failed to receive a response from hardware. File may still be transferring or check network connection on Raspberry Pi.</entry>
        <entry key="GetFileUnrecoverable">Unable to get file from Raspberry Pi hardware board due to unrecoverable exception. Please contact Technical Support to report this error.</entry>
        
        <!-- putFile -->
        <entry key="FailedPutFile">Failed to transfer file to Raspberry Pi hardware board\n{0}</entry>
        <entry key="PutFileRetry">Try running ''putFile'' again.</entry>   
        <entry key="PutFileNoResponse">Failed to receive a response from hardware. File may still be transferring or check network connection on Raspberry Pi.</entry>
        <entry key="PutFileUnrecoverable">Unable to transfer file to Raspberry Pi hardware board due to unrecoverable exception. Please contact Technical Support to report this error.</entry>
        
        <!-- deleteFile -->
        <entry key="InvalidDeleteFilePermission">No permission to delete file ''{0}'' on Raspberry Pi hardware board.</entry>
        <entry key="InvalidDeleteFileName">Invalid input for filename. Only specify the file name and optionally its full path.</entry>
        
        <!-- AsyncIO -->
        <entry key="FailedDeviceInit">Failed to connect to pubsub server. Please contact Technical Support to report this error.</entry>
        <entry key="UnknownExecuteCommand">Internal error - Unknown execute command ''{0}''.</entry>
        <entry key="APSOnErrorOccurred">Something unexpected occurred. Run ''clear all'' and then recreate raspi connections if any.</entry>
                
        <!-- others -->
        <entry key="UnsupportedInterface">Function is not supported in MATLAB Online. Access Linux command shell on Raspberry Pi hardware board via SSH.</entry>     
        <entry key="CannotEnableSPI">Cannot enable SPI peripheral. Try executing shell command ''sudo matlab-rpi-setup --spi enable'' on Raspberry Pi hardware board.</entry>
        <entry key="InvalidResponse">Failed to receive a response from hardware. Check network connection on Raspberry Pi hardware board.</entry>
        <entry key="FailedRead">Failed to read requested number of bytes.</entry>
        <entry key="FullPathUnsupported">Full file path not supported as input argument. Specify video file name only.</entry>
		<entry key="FailedSetRecvTimeout">Failed to set recv timeout. Try again, and if issue persists, contact Technical Support.</entry>
        
        <!--deploy-->
        <entry key="unsupportedFeature">Update Build information is not supported in MATLAB Online support for Raspberry Pi Hardware".</entry>
        <entry key="deployDisabled">Deploying MATLAB function as a standalone application to Raspberry Pi is disabled on Raspberry Pi ''{0}''. To enable deploy, type 'sudo matlab-rpi-setup --deploy enable' on the Raspberry Pi terminal.</entry>
        <entry key="incorrectParamValue">Raspberry Pi Hardware configuration property ''{0}'' cannot be set to ''{1}''.Valid parameter value is ''{2}''.</entry>
        <entry key="unsupportedFunctions">MATLAB Online support for targetHardware on Raspberry Pi hardware doesn't support ''{0}''.</entry>
        <entry key="deployFailedMissingLibs">Deploying Simulink model as a standalone application to Raspberry Pi is disabled on Raspberry Pi ''{0}'' as {1} not installed. To enable deployment, type 'sudo matlab-rpi-setup --deploy enable' on the Raspberry Pi terminal.</entry>
        <entry key="slDeployDisabled">Deploying Simulink model as a standalone application to Raspberry Pi is disabled on Raspberry Pi ''{0}''. To enable deploy, type 'sudo matlab-rpi-setup --deploy enable' on the Raspberry Pi terminal.</entry>
    </message>
</rsccat>
<!-- Copyright 2018-2021 The MathWorks, Inc. -->
