<?xml version="1.0" encoding="UTF-8" ?>
<rsccat version="1.0" locale="en_US" product="raspi" xmlns:xsi="http://www.w3.org/2001/XMLSchema-instance" xsi:noNamespaceSchemaLocation="../../schema/msgcat.xsd">
    <message>
        <entry key="RaspberryPiConnectHardware_Label">Connect the Raspberry Pi hardware</entry>
        <entry key="RaspberryPiConnectHardware_Description" translate="false" note="translate=false set due no translatable content"></entry>
        <entry key="RaspberryPiConnectHardware_Item1">1. Remove the memory card from the host\ncomputer and insert into the Raspberry Pi hardware.</entry>
        <entry key="RaspberryPiConnectHardware_Item2_LAN">2. Connect an Ethernet cable to the board. Connect\nthe other end of the Ethernet cable to your LAN\nor HOME network.</entry>
        <entry key="RaspberryPiConnectHardware_Item2_Direct">2. Connect an Ethernet cable to the board. Connect\nthe other end of the Ethernet cable directly to the\nhost computer.</entry>
        <entry key="RaspberryPiConnectHardware_Item2_Manual">2. Connect an Ethernet cable to the board. Connect\nthe other end of the Ethernet cable to your network.</entry>
        <entry key="RaspberryPiConnectHardware_Item3">3. Connect a 5V micro USB power supply to the\nboard. The power supply should be rated for at\nleast 700 mA.</entry>
        <entry key="RaspberryPiConnectHardware_Item4">Make sure that the 'PWR' LED is solid red and\nthe '%s' LED indicating SD card activity\nstarts blinking. Then, click 'Next' to continue.</entry>
        <entry key="RaspberryPiConnectHardware_Note">NOTE: You may connect optional peripherals such\nas a monitor, keyboard, etc. at this time.</entry>
        <entry key="RaspberryPiConnectHardware_SSHWarning">Could not delete the IP address entry in the ~/.ssh/known_hosts for the detected Raspberry Pi.\n Please remove the IP address entry manually from ~/.ssh/known_hosts file if there are any issues with the SSH connection.</entry>
        <entry key="RaspberryPiConnectHardware_Link">\nMore info...</entry>
        <entry key="RaspberryPiConnectHardware_Instructions">Instructions</entry>
        <entry key="RaspberryPiDownloadFirmware_Label">Update firmware</entry>
        <entry key="RaspberryPiDownloadFirmware_Description">The firmware update process for Raspberry Pi hardware consists of copying a\nRaspbian Wheezy Linux firmware image onto a memory card and booting the\nRaspberry Pi board with this memory card. We will guide you through this process.\nSelect your board to get started.</entry>
        <entry key="RaspberryPiDownloadFirmware_Board">Board:</entry>
        <entry key="RaspberryPiSelectDrive_Label">Select a drive</entry>
        <entry key="RaspberryPiSelectDrive_Description">Insert a 8 GB or larger %s memory card into a memory card reader on the host computer.\n\nSelect the drive letter that corresponds to the memory card reader:</entry>
        <entry key="RaspberryPiSelectDrive_Drive">Drive:</entry>
        <entry key="RaspberryPiSelectDrive_Refresh">Refresh</entry>
        <entry key="RaspberryPiSelectDrive_Warning">If you do not find the memory card reader in the list of drives, reinsert the memory card fully\nand click "Refresh".\n</entry>
        <entry key="RaspberryPiSelectDrive_NoCard">No memory card found</entry>
        <entry key="RaspberryPiSelectVolume_Label">Select a Volume</entry>
        <entry key="RaspberryPiSelectVolume_Description">Insert a 8 GB or larger %s memory card into a memory card reader on the host computer.\n\nSelect the Volume that corresponds to the memory card reader:</entry>
        <entry key="RaspberryPiSelectVolume_Drive">Volume</entry>
        <entry key="RaspberryPiSelectVolume_Refresh">Refresh</entry>
        <entry key="RaspberryPiSelectVolume_Warning">If you do not find the memory card reader in the list of Volumes \n reinsert the memory card fully and click "Refresh".\n</entry>
        <entry key="RaspberryPiSelectVolume_NoCard">No memory card found</entry>        
        <entry key="RaspberryPiWriteFirmware_Label">Write firmware</entry>
        <entry key="RaspberryPiWriteFirmware_Description">You chose to write to %s. The write operation\n may take several minutes.</entry>
        <entry key="RaspberryPiWriteFirmware_Warning">WARNING: All data in the memory card will be erased!</entry>
        <entry key="RaspberryPiWriteFirmware_Write">Write</entry>
        <entry key="RaspberryPiConfigureNetwork_Label">Configure network</entry>
        <entry key="RaspberryPiConfigureNetwork_Description">Choose your network configuration:</entry>
        <entry key="RaspberryPiConfigureNetwork_NetworkConfiguration">Network configuration</entry>
        <entry key="RaspberryPiConfigureNetwork_LocalAreaNetwork">Local area network</entry>
        <entry key="RaspberryPiConfigureNetwork_HomeNetwork">Home network</entry>
        <entry key="RaspberryPiConfigureNetwork_DirectConnection">Direct connection to host computer</entry>
        <entry key="RaspberryPiConfigureNetwork_HostName">Host name:</entry>
        <entry key="RaspberryPiConfigureNetwork_IPSettingsDescription">\n\nConfigure IP settings for wired Ethernet connection        </entry>
        <entry key="RaspberryPiConfigureNetwork_MoreInfo">\n\nMore info</entry>
        <entry key="RaspberryPiConfigureNetwork_IPAssignment">IP Assignment</entry>
        <entry key="RaspberryPiConfigureNetwork_AutomaticIpAddress">Automatically get IP address</entry>
        <entry key="RaspberryPiConfigureNetwork_ManualIpAddress">Manually enter IP address</entry>
        <entry key="RaspberryPiConfigureNetwork_IPSettings">IP Settings</entry>
        <entry key="RaspberryPiConfigureNetwork_IPAddress">IP address:</entry>
        <entry key="RaspberryPiConfigureNetwork_NetworkMask">Network mask:</entry>
        <entry key="RaspberryPiConfigureNetwork_Gateway">Default gateway:</entry>
        <entry key="RaspberryPiConfigureNetwork_Configure">Configure</entry>
        <entry key="RaspberryPiConfirmConfiguration_Label">Confirm board configuration</entry>
        <entry key="RaspberryPiConfirmConfiguration_Description">If you want to log in to the board in the future, the host name,\n IP address, user name, and password are displayed below.</entry>
        <entry key="RaspberryPiConfirmConfiguration_IPAddress">IP address:</entry>
        <entry key="RaspberryPiConfirmConfiguration_Hostname">Host name:</entry>
        <entry key="RaspberryPiConfirmConfiguration_TestConnection">Test Connection</entry>
        <entry key="RaspberryPiConfirmConfiguration_Username">User name:</entry>
        <entry key="RaspberryPiConfirmConfiguration_Password">Password:</entry>
        <entry key="RaspberryPiConfirmConfiguration_Note1">NOTE:\n 1. Your Raspberry Pi hardware will speak its IP address \n through the analog audio connector when it boots.</entry>
        <entry key="RaspberryPiConfirmConfiguration_Note2">\n 2. You can configure your Raspberry Pi hardware to automatically \n send an e-mail when IP address changes. \n\n Click 'Help' for detailed instructions.</entry>
        <entry key="RaspberryPiConfirmConfiguration_WirelessSetup">\n\nWireless Setup</entry>
        <entry key="RaspberryPiConfirmConfiguration_SerialConsole">\n\nSerial Console</entry>
        <entry key="FirmwareManifestDownloadError">Error downloading firmware. Wait a couple of minutes and try downloading again.</entry>
        <entry key="RaspberryPiProgress_EnumeratingSerialPorts">Enumerating available serial ports...</entry>
        <entry key="RaspberryPiProgress_EnumeratingDrives">Enumerating memory card drives...</entry>
        <entry key="RaspberryPiProgress_Wait">Wait...</entry>
        <entry key="RaspberryPiProgress_ConnectingToBoard">Connecting to board...</entry>
        <entry key="RaspberryPiProgress_SettingDate">Setting date...</entry>
        <entry key="RaspberryPiProgress_SettingIpParameters">Setting IP parameters...</entry>
        <entry key="RaspberryPiProgress_SettingBoardName">Setting board name...</entry>
        <entry key="RaspberryPiProgress_ReadingIpAddress">Reading IP address...</entry>
        <entry key="RaspberryPiProgress_ClosingSerialConnection">Closing serial connection...</entry>
        <entry key="RaspberryPiProgress_TestingEthernetConnection">Testing Ethernet connection...</entry>
        <entry key="RaspberryPiProgress_DownloadingFirmware">Downloading firmware...</entry>
        <entry key="RaspberryPiProgress_DecompressingFirmareImage">Decompressing firmware image...</entry>
        <entry key="RaspberryPiProgress_WritingFirmwareImage">Writing firmware image to SD card...</entry>
        <entry key="RaspberryPiProgress_OpeningSerialConnection">Opening serial connection...</entry>
        <entry key="RaspberryPiProgress_Booting">Booting board...</entry>
        <entry key="TestingConnection">Testing connection...</entry>
        <entry key="ConnectingTo">Connecting to {0}...</entry>
        <entry key="ConnectionSuccessful">Connection successful...</entry>
        <entry key="RaspberryPiProgress_SettingBoardParameters">Setting board parameters...</entry>
        <entry key="ConfiguringNetwork">Configuring network...</entry>
        <entry key="IdentifyingNic">Identifying network interface cards...</entry>
        <entry key="DetectingRpi">Detecting Raspberry Pi...</entry>
        <entry key="DetectedRpi">Detected Raspberry Pi at {0}...</entry>
        <entry key="DetectingRpiSeconds">Detecting Raspberry Pi ({0} seconds left)...</entry>
        <entry key="IdentifyingNicSeconds">Identifying network interface cards ({0} seconds left)...</entry>
        <entry key="ConfiguringNicForDhcp">Configuring "{0}" for DHCP...</entry>
        <entry key="NoNic">No network interface cards are detected on this computer.</entry>
        <entry key="ChooseNic">Choose the network interface Raspberry Pi is connected to:</entry>
        <entry key="MustChooseNic">You must choose a network connection.</entry>
        <entry key="NoWritePremission">No write permission to the external SD card. Check if write protection is enabled.</entry>
        <entry key="ConfigureNetworkConnection">Configure network connection</entry>
        <entry key="ConfigureNicForDhcp">Wired Ethernet interface "{0}" will be reconfigured\nto communicate with Raspberry Pi.</entry>
        <entry key="ManuallyConfigureNic">"{0}" must be configured for DHCP to communicate with Raspberry Pi.\nIf you do not want to re-configure this network connection, go back to "Configure network"\nscreen and select a different network configuration.</entry>
        <entry key="OK">OK</entry>
        <entry key="Cancel">Cancel</entry>
        <entry key="ErrorWhileConfiguringNic">Error while configuring network card for DHCP: {0}</entry>
        <entry key="ErrorWhileQueryingNic">Error while querying a list of network cards: {0}</entry>
        <entry key="NicDisconnected">The network interface "{0}" is not connected.\nCheck your Ethernet connection to Raspberry Pi.\nThe FDX/LNK/100 LEDs on the Raspberry Pi board should be illuminated.</entry>
        <entry key="NicNotDetected">Could not detect a Raspberry Pi board on "{0}". Wait for 30 seconds and try repeating this step again.\nIf this does not work see the "Get the IP Address of the Raspberry Pi Hardware" section in the MATLAB documentation.</entry>
        <entry key="CannotAddRoute">Error while adding a route to Raspberry Pi: {0}</entry>
        <entry key="CannotConnect">Cannot connect to "{0}". Details: {1}</entry>
        <entry key="TestConnectionFailed">Connection test to "{0}" failed. Wait for 30 seconds and repeat the connection test again. If you attempted\nthe connection test multiple times without success, see the "Troubleshoot Connecting to Raspberry Pi Hardware"\nsection in the MATLAB documentation. Details of the connection failure:\n{1}</entry>
        <entry key="CouldNotDetectRpi">Could not detect the Raspberry Pi hardware in allotted time. Try using "Test Connection" button.</entry>
        <entry key="SPI">Support Package Installer</entry>
        <entry key="RaspberryPiProgress_BootProgress">Boot progress: %d of %d</entry>
        <entry key="RaspberryPiError_WriteImage">Error writing firmware image to the SD card. Firmware write has timed out.\nClick "Back" and try again.</entry>
        <entry key="RaspberryPiError_CannotOpenSerial">Error opening serial port {0}. Details: {1}</entry>
        <entry key="RaspberryPiError_SshConnectionErrorStatic">Cannot connect to {0}.\n1. Verify that your computer is in the same sub-network with the board.\n2. Verify that you do not have a firewall preventing SSH connections.\nDetails: {1}</entry>
        <entry key="RaspberryPiError_SshConnectionErrorDhcp">Cannot connect to {0}.\nVerify that you do not have a firewall preventing SSH connections.\nDetails: {1}</entry>
        <entry key="RaspberryPiError_CannotReadIpAddressDhcp">An error occurred while reading the IP address of the board.\n"Automatically get IP address option" in IP settings requires that a\nDHCP server be available in your network.\nVerify that you have a DHCP server in the network the board\nis connected to and repeat this step.</entry>
        <entry key="RaspberryPiError_CannotReadIpAddressStatic">An error occurred while reading the IP address of the board.\nWait a few minutes and try this step again.</entry>
        <entry key="RaspberryPiError_SerialPortOpen">Error opening serial port {0}. Verify that no other application is using this serial port.</entry>
        <entry key="RaspberryPiError_BootAgain">Press and hold "USER" button and press and release "RESET" button.\nClick 'Next' to continue.</entry>
        <entry key="ErrorWritingFirmware">Error writing firmware to the memory card: {0}</entry>
        <entry key="WindowsRemovableDriveQuery">  
            There was a problem querying removable drives that require\n
            Windows administrative privileges. Restart MATLAB with\n
            "Run as administrator" privileges and re-attempt the\n
            support package installation.
        </entry>
        <entry key="UnableToAccessMemoryCard">Unable to access the memory card. If you removed the memory card from the computer, re-insert it and repeat this operation.</entry>
        <entry key="WgetDownloadFailed">Firmware download failed: {0}</entry>
        <entry key="FirmwareImageCorrupt">Firmware image in the selected folder is corrupt.</entry>
        <entry key="FirmwareImageNotFound">Cannot find the firmware image file {0} in the selected folder.</entry>
        <entry key="FirmwareDecompressionFailed">Firmware decompression failed: {0}</entry>    
        <entry key="InputNotChar">Input argument must be a character array.</entry>
        <entry key="InvalidIpAddress">{0} is not a valid IP address.</entry>
        <entry key="InvalidUserName">The User name cannot be an empty character vector.</entry>
        <entry key="InvalidSupportPackage">Cannot install target. \nNo target with name {0} is installed.</entry>
        <entry key="InvalidArgument">{0} must be a character array.</entry>
        <entry key="InvalidBoardName">Invalid Board name. Board name must be between 1 and 63 characters long.</entry>
        <entry key="InvalidHostName">Invalid host name. Host name must be composed of ASCII letters ('a-z', 'A-Z'), the digits ('0-9'),\nand the hyphen ('-') and must be between 1 and 63 characters long.</entry>
        <entry key="UnsupportedRelease">MATLAB release {0} is not supported.</entry>
        <entry key="XmlParseError">The support package contains an invalid manifest file. Download and install a new support package.</entry>
        <entry key="UninstallError">Cannot reinstall {0}. \nThe installation folder, {1}, is not writable.\nMake the folder permissions writable and try again.</entry>
        <entry key="DownloadError">Cannot download third party package {0}.</entry>
        <entry key="UrlWriteError">Cannot download {0}: {1}.</entry>
        <entry key="InstallDirEmpty">The installation folder cannot be empty. </entry>
        <entry key="SpacesInFolder">The installation folder name contains a space character.\nCreate or use a folder name that does not contain any space characters.</entry>
        <entry key="FolderNotWritable">The installation folder is not writable. Choose a folder with write permissions.</entry>
        <entry key="UncPathError">The installation folder cannot be a UNC path.\nUse a mapped network drive instead.</entry>
        <entry key="CannotCreateInstallDir">Cannot create the installation folder {0}: {1}</entry>
        <entry key="WrongClass">{0} must be of class {1}.</entry>
        <entry key="InvalidConfiguration">The configuration must be either 'debug' or 'release'.</entry>
        <entry key="InstallCancelled">Installation/update canceled.</entry>
        <entry key="FileDoesNotExist">The file, {0}, does not exist.</entry>
        <entry key="Error" translate="false" note="translate=false set due no translatable content">{0}</entry>
        <entry key="RaspberryPiConnectError">Could not connect to the board specified. Please check that:\n1: The IP address, User name, and Password are valid.\n2: The board is powered on and connected to the network\n\nDetails:\n{0}</entry>
        <entry key="NotValidChars">"{0}" contains invalid characters. Use only alpha-numeric characters. Please check the {1} provided.</entry>
        <entry key="FolderContainsSpecialChar">The selected folder contains invalid characters.\nFolder names can only contain alphanumeric characters, dashes and underscores.</entry>
        <entry key="ManifestDownload">Error getting support package information from mathworks.com.\nYour network connection may be down or your proxy settings improperly configured.</entry>
        <entry key="LinuxProgress_FetchingFirmwareInfo">Fetching firmware information...</entry>
        <entry key="LinuxProgress_Wait">Wait...</entry>
        <entry key="MissingFirmwareXML">Cannot find the file containing firmware information:\n"{0}"\nThis file has either been deleted or moved to a different location. Re-install the support package to get the required files.</entry>
        <entry key="CorruptedFirmwareXML">Corrupted firmware information file: \n"{0}"\nRe-install the support package to get the required files.</entry>
        <entry key="CorruptedFirmware">Corrupted firmware image. Re-install the support package to get the latest firmware.</entry>
        <entry key="LinuxProgress_DecompressingFirmareImage">Decompressing firmware image...</entry>
        <entry key="HelpMissing">Help directory for the support package is missing. Reinstall the support package or contact MathWorks Technical support.</entry>
        <entry key="SshpassInstallFailure">The following error occurred during the installation of SSHPASS utility: \n\n {0}\nManually install the SSHPASS utility and continue with the installation\nof the support package.</entry>
        <entry key="RaspberryPiDownloadFirmwareLinux_Label">Update firmware</entry>
        <entry key="RaspberryPiDownloadFirmwareLinux_Description">The firmware update process for Raspberry Pi hardware consists of\ncopying a Raspbian Wheezy Linux firmware image onto a memory card\nand booting the Raspberry Pi board with this memory card. We will\nguide you through this process.\nSelect your board to get started.</entry>
        <entry key="RaspberryPiDownloadFirmwareLinux_Board">Board:</entry>
        <entry key="RaspberryPiSelectDriveLinux_Label">Select a drive</entry>
        <entry key="RaspberryPiSelectDriveLinux_Description">Insert a 8 GB or larger %s memory card into a\nmemory card reader on the host computer.\n\nSelect the drive letter that corresponds to the\nmemory card reader:</entry>    
        <entry key="RaspberryPiSelectDriveLinux_Drive">Drive:</entry>
        <entry key="RaspberryPiSelectDriveLinux_Refresh">Refresh</entry>
        <entry key="RaspberryPiSelectDriveLinux_Warning">If you do not find the memory card reader in the list\nof drives, reinsert the memory card fully and\nclick "Refresh".\n</entry>
        <entry key="RaspberryPiSelectDriveLinux_NoCard">No memory card found</entry>
        <entry key="RaspberryPiDriveLinux_NoCardInserted">No SD card with FAT-32 partition found.\nInsert an SD card (8GB at least) with FAT-32 partition.\nRestart the setup process.</entry>
        <entry key="RaspberryPiDriveLinux_NoCardFound">No SD card with FAT-32 partition found.\nInsert an SD card (8GB at least) with FAT-32 partition.</entry>
        <entry key="Raspbian_Download">Download MathWorks Raspbian image</entry>
        <entry key="Raspbian_Description">Download any of these MathWorks customized Raspbian image to proceed with the hardware setup.</entry>
        <entry key="Validate_Raspbian">Validate MathWorks Raspbian image</entry>
        <entry key="Validate_Description">Browse to the downloaded zip file and click on validate button</entry>
        <entry key="Validate_Button">Validate</entry>
        <entry key="ValidateStatusPass">Valid Raspbian image</entry>
        <entry key="ValidateStatusFail">Invalid image. Please try again</entry>
        <entry key="ValidateStatusBusy">Extracting and validating the Raspbian image</entry>
        <entry key="ValidateStatusWarn">Browse and select MathWorks Raspbian img</entry>
        <entry key="ValidateStatusHelp">Click Validate button</entry>
        <entry key="InvalidZip">Please select a valid MathWorks Raspbian zip file</entry>
        <entry key="ImageNotMatching">The Raspbian image downloaded is not supported by this Support package. Please download the correct version</entry>
        <entry key="NoImgFile">Cannot find the specified img file</entry>
        <entry key="NoXmlFile">Cannot find the required xml file</entry>
        <entry key="DownloadRaspbianAboutSelection">MathWorks customized Raspbian image corresponding to this release will be downloaded from the github </entry>
        <entry key="DownloadRaspbianWhatToCons">If you do not have any of the Raspbian Image listed here, download it by clicking the link given in the table. Then click &lt;b&gt; Next &lt;/b&gt; to validate the downloaded file.</entry>
        <entry key="ValidateRaspbianWhatToCons">Browse and select the downloaded MathWorks Raspbian zip file. Click on Validate button to extract the zip and validate the image. &lt;br&gt; &lt;br&gt; &lt;b&gt;Note:&lt;/b&gt; &lt;br&gt;If you have already extracted the zip file, please browse and select the img file and then click Validate.</entry>
    </message>
</rsccat>
<!-- Copyright 2013-2020 The MathWorks, Inc.
-->

<!-- LocalWords:  Raspberrypi raspberrypi
     LocalWords:  
-->
