<?xml version="1.0" encoding="UTF-8" ?>
<!-- Copyright 2019 The MathWorks, Inc. -->
<rsccat locale="en_US" product="simulinkopencv" version="1.0">
   <message>
    <entry key="OpenCVRequiresCpp11Standard">Unable to generate code for model ''{0}'' . Select compatible ‘Standard Math library’ option.
        <![CDATA[ 
        <actions exclusiveFixIts="yes">
            <action type="fixit">
                <cmd>set_param(''{0}'', 'TargetLangStandard', 'C++11 (ISO)')</cmd>
                <txt>Set 'Standard math library' to 'C++11'.</txt>
            </action>
            <action type="suggestion">
                <cmd>configset.internal.open(''{0}'','TargetLangStandard')</cmd>
                <txt>In Configuration Parameter, open Code Generation > Interface > Advanced parameters > Standard math library and set ‘Standard math library’ to ‘C++11’.</txt>
            </action>
        </actions>]]>
    </entry> 
    <entry key="OpenCVRequiresTerminateFcn">Unable to generate code for model ''{0}''. Select ‘Terminate function required’.
        <![CDATA[ 
        <actions exclusiveFixIts="yes">
            <action type="fixit">
                <cmd>set_param(''{0}'', 'IncludeMdlTerminateFcn', 'on')</cmd>
                <txt>Enable ‘Terminate function required’.</txt>
            </action>
            <action type="suggestion">
                <cmd>configset.internal.open(''{0}'','IncludeMdlTerminateFcn')</cmd>
                <txt>In Configuration Parameter, open Code Generation > Interface > Advanced parameters and select ‘Terminate function required’.</txt>
            </action>
        </actions>]]>
    </entry> 
     <entry key="OpenCVRequiresRowMajor">Unable to generate code for model ''{0}''. Select valid layout of array data.
        <![CDATA[ 
        <actions exclusiveFixIts="yes">
            <action type="fixit">
                <cmd>set_param(''{0}'', 'ArrayLayout', 'Row-major')</cmd>
                <txt>Set 'Array layout' to 'Row-major'.</txt>
            </action>
            <action type="suggestion">
                <cmd>configset.internal.open(''{0}'','ArrayLayout')</cmd>
                <txt>In Configuration Parameter, open Code Generation > Interface > Data exchange interface > Array layout and set 'Array layout' to 'Row-major'</txt>
            </action>
        </actions>]]>
    </entry> 
    <entry key="OpenCVNotSupportMdlRefInAccelSim">OpenCV type ''{1}'' for referenced model ''{0}'' not supported in accelerator mode.</entry> 
    </message>
</rsccat>