<?xml version="1.0" encoding="UTF-8" ?>
<!-- Copyright 2019 The MathWorks, Inc. -->
<rsccat version="1.0" locale="en_US" product="simulinkopencv" xmlns:xsi="http://www.w3.org/2001/XMLSchema-instance" xsi:noNamespaceSchemaLocation="../../schema/msgcat.xsd">
  <message>
    <entry key="CustomCodeParsingFailed">Custom code parsing failed with the message: {0}</entry>
    <entry key="RootFolderFailure">The project root folder specified does not exist: {0}</entry>
    <entry key="ProjectFileFailure">Error with specified project file: {0}</entry>
    <entry key="CodeImportError">Code import error: {0}</entry>
    <entry key="FileLocateError">Unable to locate file/folder: {0}. Enter a single valid path to folder.</entry>
    <entry key="SimulinkFunctionImportError">Failed to import function in Simulink C-Caller Block: {0}</entry>
    <entry key="SelectFunctionError">A minimum of one function should be selected to proceed to the next step.</entry>
    <entry key="InvalidFunctionName">Entered Project name is invalid.</entry>
    <entry key="ProjectRootLocateError">Unable to locate Project Root folder: "{0}". {1}</entry>
    <entry key="ProjectRootPathError">Invalid Project root path. {0}</entry>
    <entry key="InvalidMatSize">Invalid Mat size. Size must be either two-dimensional or three-dimensional array containing comma-separated positive integers.</entry>
    <entry key="InvalidVectorSize">Invalid vector size. Vector size must be either one-dimensional or two-dimensional array containing comma-separated positive integers.</entry>
    <entry key="ProjectRootWriteError">Folder is write-protected. Select a writable folder instead.</entry>
    <entry key="UnsupportedOpenCV_Compiler">The selected mex compiler {0} is not supported. {1}</entry>
    <entry key="invalidCVLicense">Unable to check out the Computer Vision Toolbox license which is required for using OpenCV Importer.</entry>
    <entry key="LibraryLocateError">Unable to locate library file: "{0}". Specify library file or semicolon-separated list of multiple library files.</entry>
    
    <!-- Breadcrumbs -->
    <entry key="Topic_Welcome">Welcome</entry>
    <entry key="Topic_ConfigCode">Specify OpenCV Library</entry>
    <entry key="Topic_WhatToImport">What to import</entry>
    <entry key="Topic_Options">Options</entry>
    <entry key="Topic_Finish">Create Simulink Library</entry>
    
    <!-- JavaScript -->
    <entry key="status">Status</entry>
    <entry key="QuestionHelpTitle">What to consider</entry>
    <entry key="OptionHelpTitle">About the selected option</entry>
    <entry key="back">Back</entry>
    <entry key="next">Next</entry>
    <entry key="save">Save</entry>
    <entry key="finish">Finish</entry>
    <entry key="empty_selection">You have not selected any answer!</entry>
    <entry key="error">Error</entry>
    <entry key="needNumericValue">Please enter a numeric value.</entry>    
    <entry key="categoryTitle">Category</entry>
    <entry key="parameterTitle">Parameter</entry>
    <entry key="newValueTitle">New Value</entry>
    <entry key="oldValueTitle">Old Value</entry>
    
    
    <!-- Question: Welcome -->
    <entry key="Question_Start"><![CDATA[<p>OpenCV Code Import Wizard helps you create Simulink Blocks from your C++ OpenCV functions. </p>The OpenCV Import Wizard tool:<ul><li>Asks a few questions about your OpenCV C++ functions.</li><li>Validates your library against missing functions or variables.</li><li>Creates Simulink blocks at the end.</li></ul><p>You may save your settings into a file and start over later. Do you want to start a new import?</p>]]></entry>
    <entry key="Option_Start_New">Start a new import</entry>
    <entry key="Option_Start_ProjectName">Project name: </entry>
    <entry key="OptionHint_Start_ProjectName">Specify a project name. </entry>
    <entry key="Option_Start_ProjectFolder">Project root folder: </entry>
    <entry key="OptionHint_Start_ProjectFolder">Specify a project folder that stores created library and other artifacts. </entry>

    <entry key="Option_Start_Existing">Load a file saved from a previous import</entry>
    <entry key="Option_Start_SelectFile">Select file:</entry>
    <entry key="OptionHint_Start_SelectFile">Select a file saved from previous import.</entry>
    <entry key="OptionHint_Start_New">Start a new import.</entry>

    <!-- Question: ConfigOutput -->
    <entry key="Question_ConfigOutput">Specify an output folder that stores created library and other artifacts.</entry>
    <entry key="QuestionHint_ConfigOutput">Specify a folder that stores the created Simulink library, optional auto-stub files, logs and project file. You can also specify the Simulink library name.</entry>
    <entry key="Option_ConfigOutput_Folder">Output folder:</entry>
    <entry key="OptionHint_ConfigOutput_Folder">Output folder is required. We will auto save the progress in LibraryName_project.m file.</entry>
    <entry key="Option_ConfigOutput_LibraryName">Simulink library name:</entry>
    <entry key="OptionHint_ConfigOutput_LibraryName">Simulink library name must be a valid identifier name.</entry>    
    
    <entry key="Question_ConfigCodeLibrary">Specify your OpenCV library information.</entry>
    <entry key="QuestionHint_ConfigCodeLibrary"><![CDATA[<p> Specify your OpenCV library information.</p><ul><li>"Project root folder" is the working directory that holds all generated files and imported library model.</li><li>Recommend using relative paths to "Project root folder" to specify C code files and directories.</li><li>Use ';' to separate multiple files or directories.</li><li>At least 1 source file and 1 include file must be specified.</li></ul>]]></entry>
    <entry key="Option_ConfigCodeLibrary_LibraryFolder">Library folder:</entry>
    <entry key="OptionHint_ConfigCodeLibrary_LibraryFolder">Specify the root folder of your code library.</entry>
    <entry key="Option_ManualStubFiles">Manual stub files:</entry>
    <entry key="OptionHint_ManualStubFiles">Specify the manual stub file names.</entry>
    <entry key="Option_AutoStubFile">Auto-stub file:</entry>
    <entry key="OptionHint_AutoStubFile">Specify the auto stub file name.</entry>
    <entry key="Option_ConfigCodeLibrary_ModuleName">Module name:</entry>
    <entry key="OptionHint_ConfigCodeLibrary_ModuleName">Specify your module name.</entry>
    <entry key="Option_ConfigCodeLibrary_SourceFiles">Source files:</entry>
    <entry key="OptionHint_ConfigCodeLibrary_SourceFiles">Source files not specified for import. Specify source file or semicolon-separated list of multiple source files.</entry>
    <entry key="Option_ConfigCodeLibrary_IncludeFiles">Include files:</entry>
    <entry key="OptionHint_ConfigCodeLibrary_IncludeFiles">Header files not specified for import. Specify header file or semicolon-separated list of multiple header files.</entry>
    <entry key="Option_ConfigCodeLibrary_IncludePaths">Include paths:</entry>
    <entry key="OptionHint_ConfigCodeLibrary_IncludePaths">Specify paths for include header files.</entry>
    <entry key="Option_ConfigCodeLibrary_LibraryPaths">Library files:</entry>
    <entry key="OptionHint_ConfigCodeLibrary_LibraryPaths">Specify library file names. Specify library file or semicolon-separated list of multiple library files.</entry>
    <entry key="Option_ConfigCodeLibrary_Libraries">Libraries:</entry>
    <entry key="OptionHint_ConfigCodeLibrary_Libraries">Specify library file names.</entry>

    <!-- Question: ConfigCodeCompiler -->
    <entry key="Question_ConfigCodeCompiler">Specify your C/C++ compiler information.</entry>
    <entry key="QuestionHint_ConfigCodeCompiler">Specify your C/C++ compiler information. Use ';' to separate multiple defines or flags. "-D" is optional when specifying defines. </entry>
    <entry key="Option_ConfigCodeCompiler_Language">Language:</entry>
    <entry key="OptionHint_ConfigCodeCompiler_Language">Specify your code language.</entry>
    <entry key="Option_ConfigCodeCompiler_Defines">Defines:</entry>
    <entry key="OptionHint_ConfigCodeCompiler_Defines">Additional defines for compiler.</entry>
    <entry key="Option_ConfigCodeCompiler_CompilerFlags">Compiler flags:</entry>
    <entry key="OptionHint_ConfigCodeCompiler_CompilerFlags">Additional compiler flags.</entry>
    <entry key="Option_ConfigCodeCompiler_LinkerFlags">Linker flags:</entry>
    <entry key="OptionHint_ConfigCodeCompiler_LinkerFlags">Additional linker flags.</entry>

    <entry key="OptionHint_WhatToImportAnalyze_Run">Analyze the functions in the specified files.</entry>
    <entry key="Question_WhatToImportAnalyze">We will analyze your library to find functions and types that may be imported.</entry>
    <entry key="Question_WhatToImportFunction">Select functions you want to import.</entry>
    <entry key="QuestionHint_WhatToImportFunction"><![CDATA[<p>Select all functions or a subset of functions to be imported into Simulink library.<p><p> Some functions may not be imported due to limitations.</p>]]></entry>
    <entry key="Option_WhatToImportFunction_CCaller">Also import functions as C caller blocks.</entry>
    <entry key="OptionHint_WhatToImportFunction_CCaller">Function will be imported into Simulink library workspace. Check this to also import functions as C caller blocks.</entry>
    <entry key="Question_WhatToImportType">Configure Arguments for imported functions.</entry>
    <entry key="QuestionHint_WhatToImportType"><![CDATA[<p>Configure function arguments for the imported functions.<p> <p> Click on the individual I/O Type to configure. You can configure them to be <ul><li>Input</li><li>Output</li><li>Input Output</li></ul>]]></entry>
    <entry key="Option_WhatToImportType_ImportToFile">Import types to file</entry>
    <entry key="OptionHint_WhatToImportType_ImportToFile">Select this option to import struct types into ''project_name_types.mat'' file and import enum types into MATLAB class files.</entry>
    
    <!-- Question: Finish -->
    <entry key="Question_Finish">Default values for OpenCV types.</entry>
    <entry key="QuestionHint_Finish"><![CDATA[<p>Provide default values for various OpenCV types. This allows you to configure your generated library blocks with default options that can be changed later in the model per instance.</p><ul><li>Create a single C Caller block allows you to create an additional block for each function without the converter blocks.</li><li>Default size of the cv:Mat Output Images: Configure a default image size for the outputs.</li><li>Default Underlying type for cv::Mat is uint8. Select an appropriate default value.</li><li>Default vector size: This is default upper limit for the vector datatypes imported from OpenCV.</li></ul>]]></entry>
    <entry key="Option_Finish_Create">Default values for OpenCV types.</entry>
    <entry key="OptionHint_Finish_Create">Provide default values for various OpenCV types.</entry>
    <entry key="Option_Create_SingleBlock">Create a single C Caller block for the OpenCV function</entry>
    <entry key="OptionHint_Create_SingleBlock">Specify if a standalone C-caller block should be created.</entry>
    <entry key="Option_UseSimulinkImagetype">Configure library to use Simulink.ImageType signals</entry>
    <entry key="OptionHint_UseSimulinkImagetype">The generated library subsystem, will be configured to use Simulink.ImageType signals.</entry>
    <entry key="Option_ArrayLayout">Default Array layout of Simulink.ImageType signal:</entry>
    <entry key="OptionHint_ArrayLayout">Specify array layout configuration for Simulink.ImageType signal.</entry>
    <entry key="Option_ColorFormat">Default Color Format of Simulink.ImageType signal:</entry>
    <entry key="OptionHint_ColorFormat">Specify color format configuration for Simulink.ImageType signal.</entry>
    <entry key="Option_MatSize">Default CV::Mat Output Size: </entry>
    <entry key="OptionHint_MatSize">Specify size of CV::Mat type. Dimensions should be separated by ','.</entry>
    <entry key="Option_MatUnderlyingType">Default CV::Mat Type's Underlying Type is: </entry>
    <entry key="OptionHint_MatUnderlyingType">CV::Mat's underlying type.</entry>
    <entry key="Option_VectorSize">Default Vector Size:</entry>
    <entry key="OptionHint_VectorSize">Specify size of Vector types. Dimensions should be separated by ','.</entry>
    <!-- Question: NextStep -->
    <entry key="Question_NextStep"><![CDATA[A Simulink library is created from your OpenCV library into output folder: {0}. <p>You can use these library blocks to call your imported functions from a Simulink Model.</p> <p><b>What's Next</b></p>{1}]]></entry>

    
  </message>
</rsccat>

<!-- LocalWords: -->
