<?xml version="1.0"?>
<demos>
  <demoitem>
    <source>AcquireImagesFromAnIPCameraAndroidAppExample</source>
    <type>live</type>
    <extension>mlx</extension>
    <metadata>ex06133604</metadata>
    <sandboxPublished/>
    <product>matlab</product>
    <product>ipcamera</product>
  </demoitem>
  <demoitem>
    <source>DetectCirclesFromIPCameraUsingImageProcessingToolboxExample</source>
    <type>live</type>
    <extension>mlx</extension>
    <metadata>ex17066224</metadata>
    <sandboxPublished/>
    <product>matlab</product>
    <product>ipcamera</product>
  </demoitem>
</demos>
