<?xml version="1.0" encoding="UTF-8"?>
<!--Copyright 2023 The MathWorks, Inc.-->

<rsccat xmlns:xsi="http://www.w3.org/2001/XMLSchema-instance" version="1.0" locale="ko_KR" product="MATLAB" xsi:noNamespaceSchemaLocation="../../../../resources/schema/msgcat.xsd">
  <message>
    <entry key="needHTTPorRTSPStreamURL">URL 입력값은 MJPEG HTTP/RTSP 또는 H.264 RTSP URL이어야 합니다.</entry>
    <entry key="invalidInputArgs">입력 인수가 부족합니다. ‘Username’ 또는 ‘Password’가 누락되었습니다.</entry>
    <entry key="cannotConnect">IP 카메라 스트림 URL에 연결할 수 없습니다. URL이 올바르고 인증(필요한 경우)이 제공되었는지 확인하십시오.</entry>
    <entry key="timeout">카메라에서 수집하는 중 시간 초과가 발생했습니다. 카메라에 여전히 액세스할 수 있는지 확인하거나 느린 네트워크에 대해 제한 시간을 늘리십시오</entry>
    <entry key="invalidClosePreview">closepreview와 정확하게 일치하는(대/소문자 구분) 항목을 찾을 수 없습니다. 대신 closePreview(OBJ)를 사용해 보십시오.</entry>
    <entry key="noconcatenation">IPCAM 객체를 결합할 수 없습니다.</entry>
    <entry key="invalidImageHandle">영상 핸들이 유효하지 않습니다.</entry>
    <entry key="singleSnapshotURL">IPCAM에는 스냅샷 URL이 아닌 Motion JPEG HTTP URL이 필요합니다. 스냅샷 URL에는 webread를 사용하십시오. MJPEG URL인 경우 느린 네트워크에 대해 제한 시간을 늘리십시오.</entry>
    <entry key="invalidUpdateFunction">'UpdatePreviewWindowFcn'에 대한 유효하지 않은 함수 핸들입니다. 입력 인수는 function_handle 객체여야 합니다. 미리보기가 중지됩니다.</entry>
    <entry key="h264Disabled">OpenH264 플러그인이 비활성화되었습니다. 플러그인을 활성화하려면 MATLAB 명령 창에 'ipcamsetup'을 입력하고 카메라에 다시 연결하십시오.</entry>
    <entry key="missingOpenh264Library">이 응용 프로그램에 사용된 MATLAB Support Package for IP Cameras에는 Cisco OpenH264 라이브러리가 필요합니다. 자세한 내용은 MATLAB Support Package for IP Cameras 문서에서 "Device connection" &gt; "IP Camera Acquisition Overview"를 참고하십시오.</entry>
    <entry key="unsupportedFormatType">{0}은(는) 지원되지 않는 형식 유형입니다. 입력값은 MJPEG HTTP/RTSP 또는 H.264 RTSP URL이어야 합니다.</entry>
    <entry key="unsupportedAuthentication">{0}은(는) 지원되지 않는 인증 유형입니다. 인증 유형을 [Basic]으로 변경해 보십시오.</entry>
    <entry key="incorrectCredentials">Username 또는 Password가 올바르지 않아 IP 카메라 스트림 URL에 연결할 수 없습니다.</entry>
  </message>
</rsccat>
