<?xml version="1.0" encoding="UTF-8"?>
<!--Copyright 2023 The MathWorks, Inc.-->

<rsccat xmlns:xsi="http://www.w3.org/2001/XMLSchema-instance" version="1.0" locale="zh_CN" product="MATLAB" xsi:noNamespaceSchemaLocation="../../../../resources/schema/msgcat.xsd">
  <message>
    <entry key="needHTTPorRTSPStreamURL">URL 输入应为 MJPEG HTTP/RTSP 或 H.264 RTSP URL。</entry>
    <entry key="invalidInputArgs">输入参数的数目不足。'用户名' 或 '密码' 缺失。</entry>
    <entry key="cannotConnect">无法连接到 IP 摄像头流 URL。请确保 URL 正确，并在需要时提供身份验证。</entry>
    <entry key="timeout">从摄像头采集时发生超时。请确保您的摄像头仍可访问，或增大慢速网络的超时时间</entry>
    <entry key="invalidClosePreview">找不到 closepreview 的完全匹配项(区分大小写)。请改用 closePreview(OBJ)。</entry>
    <entry key="noconcatenation">IPCAM 对象无法串联。</entry>
    <entry key="invalidImageHandle">图像句柄无效。</entry>
    <entry key="singleSnapshotURL">IPCAM 需要 Motion JPEG HTTP URL，而不是快照 URL。对于快照 URL，请使用 webread。如果是 MJPEG URL，请增大慢速网络的超时时间。</entry>
    <entry key="invalidUpdateFunction">'UpdatePreviewWindowFcn' 的函数句柄无效。输入参数必须为 function_handle 对象。正在停止预览。</entry>
    <entry key="h264Disabled">OpenH264 插件被禁用。要启用该插件，请在 MATLAB 命令行窗口中键入 'ipcamsetup'，并再次创建与摄像头的连接。</entry>
    <entry key="missingOpenh264Library">本应用中使用的 MATLAB Support Package for IP Cameras 需要 Cisco OpenH264 库。有关更多详细信息，请参阅 MATLAB Support Package for IP Cameras 文档中的 "设备连接" &gt; "IP 摄像头采集概述"。</entry>
    <entry key="unsupportedFormatType">不支持的格式类型 {0}。输入需要为 MJPEG HTTP/RTSP 或 H.264 RTSP URL。</entry>
    <entry key="unsupportedAuthentication">不支持身份验证类型 {0}，请尝试将身份验证类型更改为 "基本"。</entry>
    <entry key="incorrectCredentials">由于用户名或密码不正确，无法连接到 IP 摄像头流 URL。</entry>
  </message>
</rsccat>
