<?xml version="1.0" encoding="UTF-8" standalone="yes"?>
<instructions>
    <downloadInstruction>
        <downloadUrl>https://ssd.mathworks.com/supportfiles/downloads/SupportPackageThirdParty/R2022a/arduinomllibs/common/MW_ml_library_22a.zip</downloadUrl>
        <archive>MW_ml_library_22a.zip</archive>
    </downloadInstruction>
    <installInstructions xmlns:xsi="http://www.w3.org/2001/XMLSchema-instance" xsi:type="ExtractInstruction">
        <archiveType>ZIP_ARCHIVE</archiveType>
        <archiveName>$IS_DOWNLOADED_FILE</archiveName>
    </installInstructions>
    <copyFileList>
       <copyFile>
           <src>$IS_ROOT_DIR$IS_FILE_SEPMW_ml_library_22a</src>
           <dest>$IS_ROOT_DIR$IS_FILE_SEP..$IS_FILE_SEParduinoide.instrset$IS_FILE_SEPArduino.app$IS_FILE_SEPContents$IS_FILE_SEPJava$IS_FILE_SEPlibraries</dest>
       </copyFile>
    </copyFileList>
    <displayName>Arduino MKR Motor carrier Library</displayName>
    <licenseUrl>https://github.com/arduino-libraries/MKRMotorCarrier/blob/master/LICENSE</licenseUrl>
    <checksum>39a9de9d9abf6f901c4206c1822ab45b</checksum>
</instructions>