<?xml version="1.0" encoding="UTF-8" ?>
<!-- Copyright 2021-2022 The MathWorks, Inc. -->
<rsccat version="1.0" locale="en_US" product="nvidia" xmlns:xsi="http://www.w3.org/2001/XMLSchema-instance" xsi:noNamespaceSchemaLocation="../../schema/msgcat.xsd">
  <message>
        <!--Network video receive -->
        <entry key="NetworkVideoTitle">Network Video Receive</entry>
        <entry key="NetworkVideoPort" note="as in network port. not Simulink block port">Port</entry>
        <entry key="NetworkVideoImageSignal">Image signal</entry>
        <entry key="NetworkVideoImageFormat">Format</entry>
        <entry key="NetworkVideoImageSize">Image size</entry>
        <entry key="NetworkVideoCompression">Compression</entry>
        <entry key="NetworkVideoSampleTime">Sample time</entry>
        <entry key="NetworkVideoHWAccel">Enable hardware acceleration</entry>
        <entry key="NetworkVideoBlockMaskDescription">Receives video from a network RTP stream or an IP camera RTSP stream. When running on hardware, the block outputs video from the network or from IP camera. 
        \n\nUse 'Image size' parameter to specify the video size in the RTP stream or an IP camera RTSP stream. 
        \n\nUse 'Format' parameter to specify the output video format. 
        \n\nUse 'Image signal' parameter to select the output signals for RGB format.
        \n\nUse 'Compression' parameter to select the compression technique for decoding the RTP video stream or IP camera RTSP video stream.
        \n\nUse 'Enable hardware acceleration' parameter to choose the software or hardware decoding of the RTP video stream or IP camera RTSP stream.
        </entry>
        <entry key="NetworkVideoVideoParamGroup">Video Parameters</entry>
        <entry key="NetworkVideoConnectionParamGroup">Connection Parameters</entry>
        
        <!-- IP camera -->
      <entry key="NvidiaIpcamUrl">RTSP URL</entry>
      <entry key="NvidiaVideoSource">Video source</entry>

        <!-- GPIO -->
      <entry key="GPIOReceiveTitle">GPIO Read</entry>
      <entry key="GPIOReceiveBlockMaskDesc">Reads the logical value of a GPIO pin configured as input.
          Select the GPIO number. Do not assign the same GPIO number to multiple blocks within a model.
      </entry>
      <entry key="GPIOPinNumberProp">GPIO number</entry>
      <entry key="GPIOBoardProp">Board</entry>
      <entry key="GPIOViewPinBtn">View pin map</entry>
      <entry key="GPIOWriteTitle">GPIO Write</entry>
      <entry key="GPIOWriteBlockMaskDesc">Sets the logical value of a GPIO pin configured as output.\n
          Select the GPIO number. Do not assign the same GPIO number to multiple blocks within a model.
      </entry>
      <!--MQTT Subscribe -->
      <entry key="MQTTSubscribeTopic">Topic</entry>
      <entry key="MQTTSubscribeQoS">QoS</entry>
      <entry key="MQTTSubscribeMessageLength">Message length (N)</entry>
      <entry key="MQTTSubscribeOutputMessage">Output the last received message</entry>
      <entry key="MQTTSubscribeParamGroup">Subscribe parameters</entry>
      <entry key="MQTTSubscribeSampleTime">Sample time</entry>

      <!--Video send-->
      <entry key="VideoSendBlockTitle">Video Send</entry>
      <entry key="RemoteAddress" note="as in network address, not mailing address">Remote address</entry>
      <entry key="RemotePort" note="as in network port. not Simulink block port">Remote port</entry>
      <entry key="ImageSignal">Image signal</entry>
      <entry key="ImageFormat">Format</entry>
      <entry key="Compression">Compression</entry>
      <entry key="JPEGQuality">Quality</entry>
      <entry key="VPXFrameDeadline" note="Maximum time (in milliseconds) allowed for processing a single image frame">Max frame time (ms)</entry>
      <entry key="VideoSendBlockMaskDescription">Send a UDP video stream to a network address 
          identified by the Remote address and port parameters. 
          \n\nThe Image port accepts an m-by-n image with the data type and depth 
          specified by the Format parameter.
      </entry>

      <!-- General names -->
      <entry key="ImageSizeProp">Image size</entry>
      <entry key="NameProp">Name</entry>
      <entry key="ImageParams">Image parameters</entry>
      <entry key="CameraParams">Camera parameters</entry>
  </message>
</rsccat>

<!-- LocalWords:  RTP
-->
