<?xml version="1.0" encoding="UTF-8" ?>
<!-- Copyright 2022-2023 The MathWorks, Inc. -->
<rsccat version="1.0" locale="en_US" product="nvidia" xmlns:xsi="http://www.w3.org/2001/XMLSchema-instance" xsi:noNamespaceSchemaLocation="../../schema/msgcat.xsd">
    <message>
        <!-- Nsight systems are not available on the target-->
        <entry key="NsightSystemsNotAvailable">Unable to find NVIDIA Nsight Systems on the target. Check if Nsight Systems is installed on the target and its path is added to the bashrc shell configuration file. For more information, refer &lt;a href="matlab:helpview([docroot '/supportpkg/nvidia/ref/setup-and-configuration.html'])"&gt;setup-and-configuration&lt;/a&gt;.</entry>
        <!-- Profiling data file is not available on the target -->
        <entry key="ReportNotFound">Unable to find the profiling data file on the target.</entry>
        <entry key="NsightSystemsNotOnPath">Found Nsight Systems at {0}. Add this value to the system path environment variable.</entry>
        <entry key="UnsupportedNsightSystemsNotOnPath">Nsight Systems installed at {0} is not supported.</entry>
        <entry key="UnsupportedNsightSystems">Nsight Systems installed is not supported.</entry>
        <entry key="CuptiNotAvailable">Unable to find CUPTI libraries on target. Check if CUPTI is installed on the target and its path is added to the bashrc shell configuration file.</entry>
        <entry key="CuptiLibPathNotAvailable">CUPTI libraries path is not added to the system path.</entry>
    </message>
</rsccat>
