<?xml version="1.0" encoding="UTF-8" standalone="yes"?>
<instructions>
    <platform>glnxa64</platform>
    <downloadInstruction>
        <downloadUrl>https://github.com/mathworks/MATLAB-and-Simulink-Project-Files-for-Arduino-Engineering-Kit-Rev-2/releases/download/20.2.0/Arduino_Engineering_Kit_Project_Files_Rev_2.zip</downloadUrl>
        <archive>aekrev2projectfiles.zip</archive>
    </downloadInstruction>
    <installInstructions xmlns:xsi="http://www.w3.org/2001/XMLSchema-instance" xsi:type="ExtractInstruction">
        <archiveType>ZIP_ARCHIVE</archiveType>
        <archiveName>$IS_DOWNLOADED_FILE</archiveName>
    </installInstructions>
    <matlabPathList>
        <matlabPath>$IS_ROOT_DIR</matlabPath>
        <matlabPath>$IS_ROOT_DIR$IS_FILE_SEPDCMotorCharacterization</matlabPath>
        <matlabPath>$IS_ROOT_DIR$IS_FILE_SEPDrawingRobot</matlabPath>
        <matlabPath>$IS_ROOT_DIR$IS_FILE_SEPDrawingRobot$IS_FILE_SEPHelperFunctions</matlabPath>
        <matlabPath>$IS_ROOT_DIR$IS_FILE_SEPDrawingRobot$IS_FILE_SEPImages</matlabPath>
        <matlabPath>$IS_ROOT_DIR$IS_FILE_SEPDrawingRobot$IS_FILE_SEPSolutions</matlabPath>
        <matlabPath>$IS_ROOT_DIR$IS_FILE_SEPMobileRover</matlabPath>
        <matlabPath>$IS_ROOT_DIR$IS_FILE_SEPMobileRover$IS_FILE_SEPExercise2</matlabPath>
        <matlabPath>$IS_ROOT_DIR$IS_FILE_SEPMobileRover$IS_FILE_SEPExercise3</matlabPath>
        <matlabPath>$IS_ROOT_DIR$IS_FILE_SEPMobileRover$IS_FILE_SEPExercise4</matlabPath>
        <matlabPath>$IS_ROOT_DIR$IS_FILE_SEPMobileRover$IS_FILE_SEPExercise5</matlabPath>
        <matlabPath>$IS_ROOT_DIR$IS_FILE_SEPMobileRover$IS_FILE_SEPExercise6</matlabPath>
        <matlabPath>$IS_ROOT_DIR$IS_FILE_SEPMobileRover$IS_FILE_SEPExercise7</matlabPath>
        <matlabPath>$IS_ROOT_DIR$IS_FILE_SEPMobileRover$IS_FILE_SEPHelperScripts</matlabPath>
        <matlabPath>$IS_ROOT_DIR$IS_FILE_SEPMotorcycle</matlabPath>
        <matlabPath>$IS_ROOT_DIR$IS_FILE_SEPMotorcycle$IS_FILE_SEPexercise_6_1</matlabPath>
        <matlabPath>$IS_ROOT_DIR$IS_FILE_SEPMotorcycle$IS_FILE_SEPexercise_6_1$IS_FILE_SEPgeometry</matlabPath>
        <matlabPath>$IS_ROOT_DIR$IS_FILE_SEPMotorcycle$IS_FILE_SEPexercise_6_2</matlabPath>
        <matlabPath>$IS_ROOT_DIR$IS_FILE_SEPMotorcycle$IS_FILE_SEPexercise_6_3</matlabPath>
        <matlabPath>$IS_ROOT_DIR$IS_FILE_SEPMotorcycle$IS_FILE_SEPexercise_6_3$IS_FILE_SEPimages</matlabPath>
    </matlabPathList>
    <displayName>AEK Rev2 Project Files</displayName>
    <licenseUrl>https://github.com/mathworks/MATLAB-and-Simulink-Project-Files-for-Arduino-Engineering-Kit-Rev-2/blob/main/License.txt</licenseUrl>
    <checksum>3e4d3c02798597becb1213cdd98d1a2a</checksum>
</instructions>

