{
	"TFLiteModel.predict":
    {
        "inputs":
        [
            {"name":"net", "kind":"required", "type":"TFLiteModel"},
            {"name":"X", "kind":"required", "repeating":true, "type":"numeric"},
            {"name":"QuantizeInputs", "kind":"namevalue", "type":["logical", "scalar"], "default":false},
            {"name":"DequantizeOutputs", "kind":"namevalue", "type":["logical", "scalar"], "default":false},
            {"name":"EnableINT8InferenceOnWindows", "kind":"namevalue", "type":["logical", "scalar"], "default":false}
        ]
    }
}