<?xml version="1.0" encoding="UTF-8"?>
<!--Copyright 2023 The MathWorks, Inc.-->

<rsccat xmlns:xsi="http://www.w3.org/2001/XMLSchema-instance" version="1.0" locale="zh_CN" product="MATLAB" xsi:noNamespaceSchemaLocation="../../../../resources/schema/msgcat.xsd">
  <message>
    <entry key="variableAlreadyExists">Specified variable name already exists in the MATLAB workspace</entry>
    <entry key="codeGenInvalidProtocol">Unsupported communication protocol</entry>
    <entry key="appName">Arduino Explorer</entry>
    <entry key="progressDlgTitle">Please Wait</entry>
    <entry key="appLoadInit">Initializing app</entry>
    <entry key="appLoadConnection">Connecting to Arduino {0} at {1}</entry>
    <entry key="appLoading">Loading app</entry>
    <entry key="appLoadRestoreData">Restoring previous app session</entry>
    <entry key="deviceChangeMsg">Change device?\nChanging the connected device will close the app.</entry>
    <entry key="deviceChangeConfirmText">Change Anyway</entry>
    <entry key="appClosingMsg">Exit the Arduino Explorer app?</entry>
    <entry key="appClosingConfirmText">Exit</entry>
    <entry key="refreshHardwareMsg">Refresh hardware?\nRefreshing hardware list will restart the app.</entry>
    <entry key="refreshHardwareConfirmText">Refresh Anyway</entry>
    <entry key="deviceRemoveMsg">Remove device?\nRemoving the selected Arduino will close the app session.</entry>
    <entry key="deviceRemoveConfirmText">Remove Anyway</entry>
    <entry key="sessionSectionLabel">File</entry>
    <entry key="newSessionConfirmation">Starting a new app session will set all Arduino pins to "Unset" mode. Do you want to continue?</entry>
    <entry key="newSessionConfirmText">Yes</entry>
    <entry key="sessionButtonLabel">New\nSession</entry>
    <entry key="pinLabel">Pin</entry>
    <entry key="sessionButtonDescription">Start a new app session</entry>
    <entry key="viewPinoutSectionLabel">Pinout</entry>
    <entry key="viewPinoutButtonLabel">Show\nPinout</entry>
    <entry key="viewPinoutButtonDescription">View Arduino board pinout</entry>
    <entry key="configureSectionLabel">Configure</entry>
    <entry key="manageLibrariesLabel">Libraries</entry>
    <entry key="manageLibrariesDescription">Manage Arduino libraries</entry>
    <entry key="commProtocolSectionLabel">Communication Protocols</entry>
    <entry key="configureI2CLabel">I2C</entry>
    <entry key="configureI2CDescription">Configure I2C device</entry>
    <entry key="configureSPILabel">SPI</entry>
    <entry key="configureSPIDescription">Configure SPI device</entry>
    <entry key="configureSerialLabel">Serial</entry>
    <entry key="configureSerialDescription">Configure Serial device</entry>
    <entry key="viewSectionLabel">View</entry>
    <entry key="plotButtonLabel">Plot</entry>
    <entry key="plotButtonDescription">View plot of read data</entry>
    <entry key="configurePlotButtonLabel">Plot Settings</entry>
    <entry key="configurePlotButtonDescription">Configure plot settings</entry>
    <entry key="clearPlotButtonLabel">Clear Plot</entry>
    <entry key="clearPlotButtonDescription">Clear plot data</entry>
    <entry key="plotFilterHeader">PLOT FILTER</entry>
    <entry key="plotFilterButtonLabel">Plot Filter</entry>
    <entry key="plotFilterButtonDescription">View plot filter data</entry>
    <entry key="logButtonLabel">Log</entry>
    <entry key="logButtonDescription">View communication log</entry>
    <entry key="clearLogButtonLabel">Clear Log</entry>
    <entry key="clearLogButtonDescription">Clear all entries in the log</entry>
    <entry key="dataDisplayFormatHeader">Display Format:</entry>
    <entry key="dataDisplayFormatDescription">Select format to display data in log</entry>
    <entry key="logDefaultViewLabel">Default</entry>
    <entry key="logHexViewLabel">Hexadecimal</entry>
    <entry key="logBinaryViewLabel">Binary</entry>
    <entry key="logASCIIViewLabel">ASCII</entry>
    <entry key="logDefaultViewDescription">View logs in default format</entry>
    <entry key="logHexViewDescription">View logs in hexadecimal format</entry>
    <entry key="logBinaryViewDescription">View logs in binary format</entry>
    <entry key="logASCIIViewDescription">View logs in ASCII format</entry>
    <entry key="recordSectionLabel">Record</entry>
    <entry key="recordButtonLabel">Record</entry>
    <entry key="recordButtonDescription">Start recording selected pin data</entry>
    <entry key="stopRecordButtonLabel">Stop</entry>
    <entry key="stopRecordButtonDescription">Stop recording</entry>
    <entry key="recordButtonDisabledDescription">Select pins to record to start recording</entry>
    <entry key="workspaceVarLabel">Workspace Variable</entry>
    <entry key="workspaceVarFieldDescription">Specify workspace variable name to which data is recorded</entry>
    <entry key="durationLabel">Duration(s)</entry>
    <entry key="durationFieldDescription">Specify duration to record (in seconds)</entry>
    <entry key="analyzeSectionLabel">Analyze</entry>
    <entry key="analyzeButtonLabel">Signal\nAnalyzer</entry>
    <entry key="signalAnalyzerAppTitle">Signal Analyzer</entry>
    <entry key="analyzeButtonDescription">View, analyze, and compare recorded signals in the MATLAB workspace</entry>
    <entry key="codeSectionLabel">Export</entry>
    <entry key="codeGenButtonLabel">Generate\nScript</entry>
    <entry key="codeGenButtonDescription">Generate equivalent MATLAB code</entry>
    <entry key="exportCommLogButtonLabel">Export Log</entry>
    <entry key="exportCommLogButtonDescription">Export communication log to MATLAB workspace</entry>
    <entry key="libraryMissing">{0} library is not available in the selected Arduino board. Install the library on the Arduino to use {0} interface.</entry>
    <entry key="installLibraryButtonLabel">Install library</entry>
    <entry key="viewPinoutTitle">Pinout - Arduino {0}</entry>
    <entry key="viewPinoutHeader">Arduino {0}</entry>
    <entry key="fitToWindow">Fit to Window</entry>
    <entry key="openInFigureWindow">Open in figure window</entry>
    <entry key="manageLibrariesTitle">Manage Libraries</entry>
    <entry key="installLibrariesButtonLabel">Install Libraries</entry>
    <entry key="installLibrariesButtonDescription">Install selected libraries on the Arduino</entry>
    <entry key="manageLibrariesHeader">Select libraries to install in the Arduino</entry>
    <entry key="selectColumnName">Select</entry>
    <entry key="libraryColumnName">Library</entry>
    <entry key="statusColumnName">Status</entry>
    <entry key="libraryStatusLabel">  Installed</entry>
    <entry key="installLibrariesTitle">Installing Libraries</entry>
    <entry key="libraryInUseTitle">Library In Use</entry>
    <entry key="libraryInUse">{0} library is currently in use by a device peripheral.\nUnset the pin or peripheral in Arduino Explorer to stop using the library and try again.</entry>
    <entry key="installLibrariesMsg">Keep your Arduino device connected to the computer while the selected libraries are being installed in the Arduino.\n\nInstalling libraries...</entry>
    <entry key="installLibrariesComplete">Library installation successful</entry>
    <entry key="installLibrariesDisabled">Library installation is supported only over USB connection.</entry>
    <entry key="pinConfigSidePanelTitle">Pin Configuration</entry>
    <entry key="configPinPanelHeader">Selected pin: {0}</entry>
    <entry key="modeLabel">Mode</entry>
    <entry key="modeDescription">Select a pin mode to configure the Arduino pin</entry>
    <entry key="selectPinText">Select a pin in the table to configure</entry>
    <entry key="updateConfigIndicatorText">Click on the "{0}" button to apply changes</entry>
    <entry key="customNameLabel">Label</entry>
    <entry key="customNameDescription">Provide a label to identify the Arduino pin</entry>
    <entry key="invalidCustomName">Label can contain only alphanumeric characters</entry>
    <entry key="pwmModeTypeLabel">PWM Mode</entry>
    <entry key="pwmModeTypeDescription">Select the PWM mode of control</entry>
    <entry key="toneModeTypeLabel">Tone Mode</entry>
    <entry key="toneModeTypeDescription">Select how to play tone</entry>
    <entry key="updateConfigButtonLabel">Update Configuration</entry>
    <entry key="configButtonLabel">Configure</entry>
    <entry key="configButtonDescription">Apply selected configuration</entry>
    <entry key="unsetButtonLabel">Unset</entry>
    <entry key="unsetButtonDescription">Unset selected pin</entry>
    <entry key="confirmUnsetMsg">Setting the selected pin modes to "Unset" will delete the {0} interface in use.</entry>
    <entry key="confirmUnsetButtonLabel">Unset Anyway</entry>
    <entry key="decodeLogicDlgTitle">Add Decode Logic</entry>
    <entry key="decodeEditFieldPlaceholder">Function Name</entry>
    <entry key="decodeEditFieldDescription">Specify a MATLAB function to decode read data</entry>
    <entry key="decodeLogicBrowseButtonText">Browse</entry>
    <entry key="addToPathButtonText">Add to Path</entry>
    <entry key="decodeLogicPrimaryInfoText">Specify a MATLAB function with the following syntax to decode the read data.</entry>
    <entry key="decodeLogicFunctionSignatureText">function decodedData = &lt;functionName&gt;(inputData)</entry>
    <entry key="decodeLogicSecondaryInfoText">where inputData is the data read from the Arduino pin and is automatically passed into the function.</entry>
    <entry key="decodeLogicNotInPath">File "{0}" was not found in the current folder or in the MATLAB path. Do you want to add the folder containing this file to the MATLAB path?</entry>
    <entry key="decodeLogicNotFound">File "{0}" was not found in the current folder or in the MATLAB path. Use the Browse button to select the MATLAB function.</entry>
    <entry key="decodeLogicFunctionSignatureMismatch">File "{0}" does not have the required function signature. Select a function that has exactly one input and output argument.</entry>
    <entry key="decodeLogicFunctionInvalid">File "{0}" is not a valid MATLAB function.</entry>
    <entry key="readLabel">Read</entry>
    <entry key="readRegisterLabel">Read Register</entry>
    <entry key="numBytesAvailableLabel">Bytes Available:</entry>
    <entry key="writeLabel">Write</entry>
    <entry key="writeRegisterLabel">Write Register</entry>
    <entry key="readButtonLabel">Read</entry>
    <entry key="startReadButtonLabel">Start Reading</entry>
    <entry key="stopReadButtonLabel">Stop Reading</entry>
    <entry key="stopReadButtonDescription">Stop reading data</entry>
    <entry key="readButtonDescription">Read data from peripheral device</entry>
    <entry key="readContinuousLabel">Read Continuously</entry>
    <entry key="readContinuousDescription">Enable continuous data read</entry>
    <entry key="decodeLogicButtonLabel">Add Decode Logic</entry>
    <entry key="decodeLogicButtonDescription">Add MATLAB function for decoding read data</entry>
    <entry key="decodeLogicLabel">Decode Logic:</entry>
    <entry key="decodeLogicDescription">MATLAB function to decode read data</entry>
    <entry key="decodeLogicDeleteDescription">Remove data decode logic</entry>
    <entry key="readRegitserCheckboxLabel">Read Register</entry>
    <entry key="readRegitserCheckboxDescription">Enable read from register addresses</entry>
    <entry key="writeRegitserCheckboxLabel">Write Register</entry>
    <entry key="writeRegitserCheckboxDescription">Enable write to register addresses</entry>
    <entry key="numBytesLabel">Bytes to Read:</entry>
    <entry key="numBytesDescription">Specify the number of bytes to read</entry>
    <entry key="registerAddressLabel">Register Address:</entry>
    <entry key="readRegisterAddressDescription">Specify register address to read from</entry>
    <entry key="writeRegisterAddressDescription">Specify register address to write to</entry>
    <entry key="precisionLabel">Precision:</entry>
    <entry key="readPrecisionDescription">Select read precision</entry>
    <entry key="writePrecisionDescription">Select write precision</entry>
    <entry key="readWritePrecisionDescription">Select read/write precision</entry>
    <entry key="reservedPin">Pin {0} is reserved by {1} for use in ''{2}'' mode.</entry>
    <entry key="filterPinsLabel">Show Pins:</entry>
    <entry key="filterPinsDescription">Filter pins by type</entry>
    <entry key="pinTypeAnalogLabel">Analog</entry>
    <entry key="pinTypeAnalogDescription">Show only analog pins</entry>
    <entry key="pinTypeDigitalLabel">Digital</entry>
    <entry key="pinTypeDigitalDescription">Show only digital pins</entry>
    <entry key="filterAllPinsLabel">All</entry>
    <entry key="filterAllPinsDescription">Show all pins</entry>
    <entry key="filterConfiguredPinsLabel">In use</entry>
    <entry key="filterConfiguredPinsDescription">Show only pins in use</entry>
    <entry key="readValueLabel">Read Value</entry>
    <entry key="writeValueLabel">Write Value</entry>
    <entry key="recordLabel">Record Pin</entry>
    <entry key="pinTableTitle">Pin Explorer</entry>
    <entry key="pinTableDescription">Current configuration of all Arduino pins</entry>
    <entry key="configI2CTitle">Set Up I2C Device</entry>
    <entry key="configI2CInfoText">Pins used for I2C will not be available for other I/O operations</entry>
    <entry key="selectI2CBusLabel">I2C Bus:</entry>
    <entry key="SDAPinLabel">Serial Data Pin (SDA):</entry>
    <entry key="SCLPinLabel">Serial Clock Pin (SCL):</entry>
    <entry key="I2CAddressLabel">I2C Address:</entry>
    <entry key="I2CAddressDescription">Specify I2C device address</entry>
    <entry key="scanI2CLabel">Scan I2C</entry>
    <entry key="scanI2CMsg">Scanning the I2C bus for device addresses</entry>
    <entry key="scanI2CDescription">Scan I2C bus for device addresses</entry>
    <entry key="I2CBitRateLabel">Bit Rate (bits/s):</entry>
    <entry key="I2CBitRateDescription">Select I2C communication speed</entry>
    <entry key="defaultButtonLabel">Reset</entry>
    <entry key="defaultButtonDescription">Reset configuration parameters</entry>
    <entry key="I2CConfirmButtonDescription">Create I2C connection</entry>
    <entry key="I2CPeripheralCustomName">I2C device (Bus {0})</entry>
    <entry key="configSPITitle">Set Up SPI Device</entry>
    <entry key="configSPIInfoText">Pins used for SPI will not be available for other I/O operations</entry>
    <entry key="SDOPinLabel">Serial Data Out Pin (SDO):</entry>
    <entry key="SDIPinLabel">Serial Data In Pin (SDI):</entry>
    <entry key="CSPinLabel">Chip Select Pin (CS):</entry>
    <entry key="SPIBitOrderLabel">Bit Order:</entry>
    <entry key="SPIBitOrderDescription">Select SPI communication bit order</entry>
    <entry key="MSBLabel">MSB</entry>
    <entry key="MSBDescription">Transmit most significant bit first</entry>
    <entry key="LSBLabel">LSB</entry>
    <entry key="LSBDescription">Transmit least significant bit first</entry>
    <entry key="SPIModeLabel">SPI Mode:</entry>
    <entry key="SPIModeDescription">Select SPI mode to set clock polarity and phase</entry>
    <entry key="SPIBitRateLabel">Bit Rate (bits/s):</entry>
    <entry key="SPIBitRateDescription">Specify SPI communication speed</entry>
    <entry key="SPIConfirmButtonDescription">Create SPI connection</entry>
    <entry key="SPIPeripheralCustomName">SPI device</entry>
    <entry key="configSerialTitle">Set Up Serial Device</entry>
    <entry key="configSerialInfoText">Pins used for Serial will not be available for other I/O operations</entry>
    <entry key="serialPortLabel">Serial Port:</entry>
    <entry key="TxPinLabel">Serial Transmit Pin (Tx):</entry>
    <entry key="RxPinLabel">Serial Receive Pin (Rx):</entry>
    <entry key="baudRateLabel">Baud Rate (bits/s):</entry>
    <entry key="baudRateDescription">Select the serial communication speed</entry>
    <entry key="dataBitsLabel">Data Bits:</entry>
    <entry key="dataBitsDescription">Select the number of data bits to transmit</entry>
    <entry key="parityLabel">Parity:</entry>
    <entry key="parityDescription">Select the parity type for serial communication</entry>
    <entry key="noneParityLabel">none</entry>
    <entry key="oddParityLabel">odd</entry>
    <entry key="evenParityLabel">even</entry>
    <entry key="stopBitsLabel">Stop Bits:</entry>
    <entry key="stopBitsDescription">Select the number of bits to indicate end of data transmission</entry>
    <entry key="stopBits1Label">1</entry>
    <entry key="stopBits2Label">2</entry>
    <entry key="timeoutLabel">Timeout (s)</entry>
    <entry key="timeoutDescription">Specify the maximum time to wait for serial data</entry>
    <entry key="serialConfirmButtonDescription">Create serial connection</entry>
    <entry key="serialPeripheralCustomName">Serial device (Port {0})</entry>
    <entry key="configPlotTitle">Plot Settings</entry>
    <entry key="showLegendLabel">Show Legend</entry>
    <entry key="showLegendDescription">Show or hide legend in the plot</entry>
    <entry key="showGridLabel">Show Grid</entry>
    <entry key="showGridDescription">Show or hide grid in the plot</entry>
    <entry key="showMultiYAxesLabel">Multiple Y-Axes</entry>
    <entry key="showMultiYAxesDescription">Show or hide multiple Y-Axes in the plot</entry>
    <entry key="YAxisScalingTitle">Y-Axis Scaling</entry>
    <entry key="autoScaleLabel">Autoscale</entry>
    <entry key="manualYScaleLabel">Y-Axis limits</entry>
    <entry key="minLabel">Min</entry>
    <entry key="minYDescription">Set minimum Y-Axis limit</entry>
    <entry key="maxLabel">Max</entry>
    <entry key="maxYDescription">Set maximum Y-Axis limit</entry>
    <entry key="okButtonLabel">OK</entry>
    <entry key="okButtonDescription">Confirm and apply plot settings</entry>
    <entry key="cancelButtonLabel">Cancel</entry>
    <entry key="applyButtonLabel">Apply</entry>
    <entry key="plotPanelTitle">Plot</entry>
    <entry key="signalSelectionColumnName">Plot</entry>
    <entry key="signalColumnName">Read Pin</entry>
    <entry key="xLabelScope">Time (s)</entry>
    <entry key="yLabelScope">Amplitude</entry>
    <entry key="signalTableDescription">Select read pins to plot</entry>
    <entry key="plotTableTitle">Plot Filter</entry>
    <entry key="logPanelTitle">Log</entry>
    <entry key="logColumnInterface">Interface</entry>
    <entry key="logColumnOperation">Operation</entry>
    <entry key="logColumnData">Data</entry>
    <entry key="logColumnDataHex">Data (Hexadecimal)</entry>
    <entry key="logColumnDataASCII">Data (ASCII)</entry>
    <entry key="logColumnDataBin">Data (Binary)</entry>
    <entry key="logColumnDecodedData">Decoded Data</entry>
    <entry key="logColumnSize">Size</entry>
    <entry key="logColumnDataType">Data Type</entry>
    <entry key="logColumnTime">Time</entry>
    <entry key="recordingProgress">Recording pin data to MATLAB workspace</entry>
    <entry key="recordingPercentage">{0}% completed</entry>
    <entry key="remainingTime">Remaining: {0} seconds</entry>
    <entry key="recordDuration">Duration: {0} seconds</entry>
    <entry key="recordingComplete">Data saved to MATLAB workspace variable "{0}"</entry>
    <entry key="exportLogComplete">Log saved to MATLAB workspace variable "{0}"</entry>
    <entry key="addUSBDevice">Arduino over USB</entry>
    <entry key="addUSBDeviceDescription">Add a USB Arduino</entry>
    <entry key="addBTDevice">Arduino over Bluetooth®</entry>
    <entry key="addBTDeviceDescription">Add a Bluetooth® Arduino</entry>
    <entry key="addWiFiDevice">Arduino over Wi-Fi®</entry>
    <entry key="addWiFiDeviceDescription">Add a Wi-Fi® Arduino</entry>
    <entry key="deviceSetupLabel">SETUP BOARD</entry>
    <entry key="hardwareSetupLabel">Hardware\nSetup</entry>
    <entry key="checkConnectionMsg">Checking board and connection</entry>
    <entry key="checkDeviceList">Checking device list</entry>
    <entry key="connectionMsg">Adding Arduino {0} at {1} to the device list.</entry>
    <entry key="boardExists">Another Arduino board with the same address is already present in the device list.</entry>
    <entry key="boardInvalid">Select a valid Arduino board.</entry>
    <entry key="COMPortInvalid">Select a valid USB COM port.</entry>
    <entry key="addressInvalid">Provide a valid connection address.</entry>
    <entry key="portInvalid">Provide a valid TCP/IP port.</entry>
    <entry key="boardLabel">Board</entry>
    <entry key="connectionLabel">Connection</entry>
    <entry key="portLabel">Port</entry>
    <entry key="addressLabel">Address</entry>
    <entry key="IPaddressLabel">IP Address</entry>
    <entry key="TCPPortLabel">TCP/IP Port</entry>
    <entry key="usbLabel">USB</entry>
    <entry key="btLabel">Bluetooth®</entry>
    <entry key="btAddressLabel">Bluetooth® Address</entry>
    <entry key="wifiLabel">Wi-Fi®</entry>
    <entry key="friendlyNameLabel">Custom Name</entry>
    <entry key="errorDlgTitle">Arduino Explorer Error</entry>
    <entry key="warningDlgTitle">Arduino Explorer Warning</entry>
    <entry key="yesOptionText">Yes</entry>
    <entry key="noOptionText">No</entry>
    <entry key="inputNotChar">Input data must be char</entry>
    <entry key="durationNotNumeric">Record duration must be a finite positive numeric value greater than 1</entry>
    <entry key="dataNotNumeric">Data to write must be a finite positive numeric value</entry>
    <entry key="invalidVariableName">Specify a valid MATLAB variable name</entry>
    <entry key="SPTNotInstalled">This feature requires the Signal Processing Toolbox. Open Add-On Explorer for more information</entry>
    <entry key="scriptTitle">Auto-generated by the Arduino® Explorer App</entry>
    <entry key="scriptSubTitle">Generated on {0} using MATLAB {1}.</entry>
    <entry key="introSectionHeader">Introduction</entry>
    <entry key="introSectionComment">This script demonstrates the MATLAB command line workflow of interfacing with an Arduino using functions provided in the MATLAB® Support Package for Arduino® Hardware. You can modify this script to build your own MATLAB function or application.</entry>
    <entry key="createArduinoObjectSectionHeader">Create an Arduino Connection</entry>
    <entry key="createArduinoObjectSectionComment">Create an Arduino connection using the specified device and connection parameters.</entry>
    <entry key="pinConfigSectionHeader">Configure Arduino Pins</entry>
    <entry key="pinConfigSectionComment">Configure specified Arduino pins and protocol interfaces.</entry>
    <entry key="pinReadWriteSectionHeader">Read and Write data</entry>
    <entry key="pinReadWriteSectionComment">Read data from and write data to Arduino pins and protocol interfaces configured above.</entry>
    <entry key="recordingSectionComment">Uncomment the lines of code below to record the data for the specified duration into a workspace variable.</entry>
    <entry key="recordDurationComment">Duration to record data(in seconds).</entry>
    <entry key="stepTimeComment">Time interval between consecutive data reads.</entry>
    <entry key="numSamplesComment">Total number of data samples to be recorded.</entry>
    <entry key="initArraysComment">Initialize arrays for storing data and timestamps.</entry>
    <entry key="addDataToArrayComment">Store the read data in the corresponding data array.</entry>
    <entry key="pauseComment">Read data from Arduino pins in intervals specified by the variable 'stepTime'.</entry>
    <entry key="convertToTimeTableComment">Convert the recorded data to timetable format in a workspace variable.</entry>
    <entry key="plotComment">Plot recorded data.</entry>
    <entry key="plotTitle">Recorded Data</entry>
    <entry key="plotXLabel">Time(in s)</entry>
    <entry key="plotYLabel">Amplitude</entry>
    <entry key="cleanUpSectionHeader">Clean Up</entry>
    <entry key="cleanUpSectionComment">Clear the MATLAB connection to the Arduino and other variables that are not required.</entry>
    <entry key="serialConfigFailed">Unable to configure serial device as any digital input/output operations on serial Tx and Rx pins blocks these pins for use by serial interface.\n\nUnset the pin in use, refresh the hardware connection in the device panel, and try again.</entry>
    <entry key="I2CDeviceDisconnect">Unable to read the data from the I2C device. Check the connections between the hardware and device and try again.</entry>
    <entry key="UnableToReceiveData">Unable to receive data from Arduino. Refresh the hardware connection and try again.</entry>
    <entry key="cannotChangePinConfig">Configuration for the selected pin cannot be changed as it is reserved. To change the pin configuration start a new app session.</entry>
  </message>
</rsccat>
