<?xml version="1.0" encoding="UTF-8"?>
<!--Copyright 2023 The MathWorks, Inc.-->

<rsccat xmlns:xsi="http://www.w3.org/2001/XMLSchema-instance" version="1.0" locale="zh_CN" product="MATLAB" xsi:noNamespaceSchemaLocation="../../../../resources/schema/msgcat.xsd">
  <message>
    <entry key="boardNotDetected">Cannot detect Arduino hardware. Make sure original Arduino hardware is properly plugged in. Otherwise, please specify both port and board type. For more information, see &lt;a href="matlab:helpview(arduinoio.internal.getDocMap, ''arduinoio_troubleshooting'')"&gt;Arduino Hardware Troubleshooting&lt;/a&gt;.</entry>
    <entry key="connectionExists">MATLAB connection to Arduino {0} at {1} exists in your workspace. To create a new connection, clear the existing object.</entry>
    <entry key="outOfFlashMemory">Cannot upload libraries {1} to board {0} due to flash memory size. Please remove unused libraries or turn off trace and try again.</entry>
    <entry key="openFailed">Failed to open a connection at {0} {1}. Make sure the port or address is correct and the Arduino hardware is properly plugged in. For troubleshooting, see &lt;a href="matlab:helpview(arduinoio.internal.getDocMap, ''arduinoio_troubleshooting'')"&gt;Arduino Hardware Troubleshooting&lt;/a&gt;.</entry>
    <entry key="invalidPortValue">Invalid value ''{0}'' for port. Specify port as ''com*'' on Windows or ''/dev/*'' on Mac and Linux.</entry>
    <entry key="invalidAddonLibraryType">Invalid Library type. The type must be a character vector or string.</entry>
    <entry key="libraryNotUploaded">Library ''{0}'' is not uploaded to the board. Please clear the current arduino object and recreate it to include the appropriate library. For a list of available libraries, type ''listArduinoLibraries''.</entry>
    <entry key="missingDependentLibraries">Failed to add library ''{0}''. The library is dependent on the unavailable library ''{1}''.</entry>
    <entry key="invalidAddressPCMac">Unable to find Arduino hardware at {0}. First argument must be a valid serial port, IP address/hostname or Bluetooth address/name.</entry>
    <entry key="invalidWiFiPort">Port number must be an integer greater than {0} and less than or equal to {1}.</entry>
    <entry key="invalidBluetoothBoard">''{0}'' board type is not supported. Specify one of the following as board type for Bluetooth connection: {1}.</entry>
    <entry key="ambiguousBTName">Multiple Bluetooth devices named {0} are detected. Recreate the connection with its 12-bit hexadecimal address.</entry>
    <entry key="conflictingLibrary">Creating arduino object using {0} libraries is not supported. Use one of these libraries and recreate the arduino object.</entry>
    <entry key="connectionIsLost">The host and client connection is lost. Make sure the board is plugged in and recreate arduino and related objects.</entry>
    <entry key="notSupportedPinMode">Pin mode {0} is not supported on this pin. Supported mode values for this pin are:\n{1}.</entry>
    <entry key="invalidPinNumber">Invalid pin number. Valid pin numbers for this board {0} are {1}.</entry>
    <entry key="invalidPin">Invalid pin number. Valid {1} pin numbers for board {0} are {2}.</entry>
    <entry key="invalidCharacterType">Invalid parameter type. The {0} value must be a character array or string.</entry>
    <entry key="invalidAnalogReferenceValue">Invalid 'AnalogReference' value. The value must be above 0(V) and less than or equal to {0}(V).Applying external voltage beyond this range at the analog reference (AREF) pin of the Arduino board can damage the board.</entry>
    <entry key="missingAnalogReferenceValue">Specify a valid 'AnalogReference' value above 0(V) and less than or equal to {0}(V).</entry>
    <entry key="invalidInternalAnalogReferenceValue">Analog reference value {0}(V) is not supported in internal mode. Supported internal 'AnalogReference' values are {1}{2}(V).</entry>
    <entry key="invalidAnalogReferenceMode">Invalid input for 'AnalogReferenceMode' of Arduino board {0}. Valid input is: {1}.</entry>
    <entry key="emptyAnalogReferenceModeValue">Invalid {0} value. Valid values are 'internal' or 'external', except for Arduino board Due for which the valid value is 'internal'.</entry>
    <entry key="analogReferenceUnsupported">Programming 'AnalogReference' is not supported on Arduino board {0}.</entry>
    <entry key="maxSPIData">SPI count for read and write operations have a limit of 144 for a data precision of ''uint8'', and 72 for a data precision of ''uint16''.</entry>
    <entry key="invalidI2CBusNumber">Invalid I2C bus number. Valid I2C bus numbers on board {0} are {1}.</entry>
    <entry key="invalidI2CBusType">Invalid I2C bus type. Bus must be a non-negative scalar integer.</entry>
    <entry key="permanentlyReservedI2CPins">Board {0}, {1} pins {2}(SDA) and {3}(SCL) are permanently reserved for I2C communications and its pin mode cannot be changed.</entry>
    <entry key="invalidSPIBitRateType">Invalid SPI bit rate type. Bit rate must be a non-negative scalar integer.</entry>
    <entry key="invalidNVPropertyValue">Invalid name-value pairs value for {0} {1}. Valid name-value pairs values are {2}.</entry>
    <entry key="invalidI2CAddress">Invalid I2C address ''{0}''. The address must be a scalar integer (or hex character vector or string) between {1} and {2}.</entry>
    <entry key="invalidI2CAddressType">Invalid I2C address format. The address must be a scalar integer (or hex character vector or string) between 0 and 127.</entry>
    <entry key="invalidShiftRegModel">Invalid model value. Specify one of the following model values: {0}.</entry>
    <entry key="invalidShiftRegPin">Invalid pins for the {0} shift register. Specify a digital pin that starts with a D(for example, ''D4'').</entry>
    <entry key="reservedShiftRegPins">Pin {0} is already used in {1} mode. Clear all variables that use this pin, or use ''configurePin'' to set its mode to 'Unset'.</entry>
    <entry key="unsupportedShiftRegRead">Read function not supported on model {0}.</entry>
    <entry key="unsupportedShiftRegWrite">Write function not supported on model {0}.</entry>
    <entry key="unsupportedShiftRegReset">Reset function not supported on model {0}.</entry>
    <entry key="shiftRegResetPinNotSpecified">Reset pin is not specified for the shift register. Specify ''ResetPin'' when creating the shift register to enable reset operation.</entry>
    <entry key="invalidShiftRegValue">Invalid write value. Specify the value as a scalar integer, a character vector or string of ''1''s or ''0''s, or a vector of 1s or 0s.</entry>
    <entry key="invalidShiftRegWritePrecision">Invalid precision value. Specify the value as: {0}.</entry>
    <entry key="invalidShiftRegReadPrecision">Invalid precision value. Specify the value as either one of these integers ({0}) or one of these character vectors ({1}).</entry>
    <entry key="invalidEncoderChannelPinDuplicate">Channel A and B must be different pins.</entry>
    <entry key="maxEncoders">Maximum limit of {1} rotary encoders reached for board {0}.</entry>
    <entry key="encoderNotSameParent">readSpeed function can read speed only from rotary encoders connected to the same Arduino board.</entry>
    <entry key="invalidEncoderCount">Invalid count value. Count must be an integer between {0} and {1}.</entry>
    <entry key="invalidCountResetValue">Invalid reset value. Valid values are true and false.</entry>
    <entry key="conflictStepperTerminals">AdafruitMotorShieldV2\\\\DCMotor terminals ''M{0}'' and ''M{1}'' needed for Stepper Motor ''{2}'' may be in use by DC Motor.</entry>
    <entry key="conflictDCMotorTerminals">AdafruitMotorShieldV2\\\\DCMotor terminals ''M{0}'' and ''M{1}'' may be in use by Stepper Motor ''{2}''.</entry>
    <entry key="invalidOutputFormat">Invalid value for ''OutputFormat''. Valid value for ''OutputFormat'' is ''double''.</entry>
    <entry key="invalidPIDControlMode">Valid PID 'ControlMode' values are 'Speed' and 'Position'.</entry>
    <entry key="invalidPIDGainsFormat">'PIDGains' must be a numeric row vector with Kp, Ki and Kd values respectively.</entry>
    <entry key="notSupportedControlModeSet">Unable to change 'ControlMode' property after pidMotor object is created. Clear the existing pidMotor object in the workspace and re-create the object with 'ControlMode' specified as 'Speed' or 'Position'.</entry>
    <entry key="incorrectServerInitialization">Internal error: The initialization of the server code is incorrect.</entry>
    <entry key="maxDataLimit">You have reached max limit of {0} bytes of data in sendCommand for board {1}.</entry>
    <entry key="invalidValidateType">Internal error: Invalid terminal type for validateTerminal. Valid types are {0}.</entry>
    <entry key="invalidInputs">Internal error: Parameter ''inputs'' must be a single dimension array of integers or an empty array.</entry>
    <entry key="invalidCommandID">Internal error: Parameter ''commandID'' must be a non-negative scalar integer less than 256.</entry>
    <entry key="invalidTerminalType">Internal error: Invalid terminal format. Terminal number must be a non-negative scalar integer.</entry>
    <entry key="invalidTerminalNumber">Internal error: Invalid terminal number {0}. Valid terminal numbers for board {1} are: {2}.</entry>
    <entry key="invalidResourceNameType">Internal error: Invalid resourceName format. The resourceName parameter must be a character vector.</entry>
    <entry key="invalidResourceName">Internal error: Invalid resourceName value. Valid resourceName values are: {0}.</entry>
    <entry key="resourceCountZero">Internal error: Resource count is zero.</entry>
    <entry key="invalidSlotType">Internal error: Invalid slot format. Slot must be a positive scalar integer.</entry>
    <entry key="invalidSlotNumber">Internal error: Invalid slot number. Valid slot numbers are: {0}.</entry>
    <entry key="invalidPropertyNameType">Internal error: Invalid propertyName format. The propertyName must be a character vector.</entry>
    <entry key="invalidPropertyName">Internal error: Invalid propertyName value. Valid propertyName values are: {0}.</entry>
    <entry key="invalidForceConfig">Internal error: Invalid forceConfig value. The forceConfig must be a logical value of either true or false.</entry>
    <entry key="invalidResourceOwnerType">Internal error: Invalid resourceOwner format. The resourceOwner must be a character vector.</entry>
    <entry key="invalidIPAddress">IP address must be a string in the 4 octet format.</entry>
    <entry key="invalidKey">Key must be a 10-bit or 26-bit hexadecimal string.</entry>
    <entry key="invalidKeyIndex">Key index must be a nonnegative integer.</entry>
    <entry key="emptyWPAParameters">Fill in SSID, Password and Port to proceed.</entry>
    <entry key="emptyWEPParameters">Fill in SSID, Key, Key Index and Port to proceed.</entry>
    <entry key="emptyNoneParameters">Fill in SSID and Port to proceed.</entry>
    <entry key="emptyStaticIPAddress">Fill in static IP address to proceed.</entry>
    <entry key="unsupportedFunction">Function ''{0}'' is not supported for code generation.</entry>
    <entry key="BaudRateNotSupported">Serial parameter 'BaudRate' is not supported for code generation. To set 'BaudRate', first go to Configuration Parameters &gt; Hardware Implementation and select the Hardware board. Then set serial baud rate from Hardware settings &gt; Target hardware resources &gt; Serial port properties.</entry>
    <entry key="DataBitsNotSupported">Modifying serial parameter 'DataBits' is not supported for code generation. The value of 'DataBits' is fixed to 8.</entry>
    <entry key="StopBitsNotSupported">Modifying serial parameter 'StopBits' is not supported for code generation. The value of 'StopBits' is fixed to 1.</entry>
    <entry key="ParityNotSupported">Modifying serial parameter 'Parity' is not supported for code generation. The value of 'Parity' is fixed to 'none'.</entry>
    <entry key="unSupportedSerialPortGPS">Serial port ''{0}'' is not supported for GPS on Board {1}. Supported ports on this Board are 1 and 2.</entry>
    <entry key="IDENotInstalled">Arduino IDE is not installed. Open &lt;a href="matlab: matlab.addons.supportpackage.internal.explorer.showSupportPackages(''ML_ARDUINO'', ''tripwire'');"&gt;Add‑On Explorer&lt;/a&gt; to reinstall MATLAB Support Package for Arduino Hardware.</entry>
    <entry key="invalidIDEPath">Arduino IDE at folder ''{0}'' is corrupt. Open &lt;a href="matlab: matlab.addons.supportpackage.internal.explorer.showSupportPackages(''ML_ARDUINO'', ''tripwire'')"&gt;Add‑On Explorer&lt;/a&gt; to reinstall MATLAB Support Package for Arduino Hardware.</entry>
    <entry key="invalidIDEPathNoLink">Arduino IDE at folder ''{0}'' is inaccessible or corrupt.</entry>
    <entry key="programmingArduino">Updating server code on board {0} ({1}). This may take a few minutes.</entry>
    <entry key="invalidPort">Cannot find Arduino hardware on port {0}. Make sure Arduino hardware is properly plugged in. Otherwise, please specify both port and board type. For more information, see &lt;a href="matlab:helpview(arduinoio.internal.getDocMap, ''arduinoio_troubleshooting'')"&gt;Arduino Hardware Troubleshooting&lt;/a&gt;.</entry>
    <entry key="failedUpload">Cannot program board {0} ({1}). Please make sure the board is supported and the port and board type are correct. For more information, see &lt;a href="matlab:helpview(arduinoio.internal.getDocMap, ''arduinoio_troubleshooting'')"&gt;Arduino Hardware Troubleshooting&lt;/a&gt;.</entry>
    <entry key="failedUploadVerbose">Vendor returned error messages:\n{0}</entry>
    <entry key="portWithNoBoard">Specify both port number and board type parameters.</entry>
    <entry key="paramNotInPairs">Specify both port and board values before specifying other name-value pairs.</entry>
    <entry key="invalidPortType">Invalid port type. Specify port as a character vector or string.</entry>
    <entry key="invalidParam">Invalid input parameter {0} for arduino function. Valid parameters are ''Libraries'' and ''TraceOn''.</entry>
    <entry key="missingParamValue">No value specified for parameter {0}.</entry>
    <entry key="invalidBoardType">Invalid type for board. Specify board as a character vector or string.</entry>
    <entry key="invalidBoardName">''{0}'' is not recognized as a supported board.\n Possible board values are:\n {1}.</entry>
    <entry key="ambiguousBoardName">The provided board ''{0}'' matched following supported board types ''{1}''. Specify the full board name.</entry>
    <entry key="invalidLibrariesType">Invalid Libraries type. Specify '''' or a character vector of comma separated list of library names.</entry>
    <entry key="invalidLibrariesValue">Invalid value ''{0}'' for Libraries. Valid libraries are\n''{1}''.</entry>
    <entry key="invalidAddonLibraryValue">Invalid add-on Library value ''{0}''. Valid libraries are ''{1}''.</entry>
    <entry key="noAddonLibraryUploaded">No add-on library uploaded to the board. Please clear and recreate the current arduino object to include the appropriate library. For a list of available libraries, type ''listArduinoLibraries''.</entry>
    <entry key="addonLibraryNotInstalled">The Arduino source ''{0}'' for libraries ''{1}'' cannot be found. Install the third party library source first and try again.</entry>
    <entry key="firstTimeSetup">Call arduinosetup to set up the board first.</entry>
    <entry key="invalidAddressLinux">Unable to find Arduino hardware at {0}. First argument must be a valid serial port, IP address/hostname or Bluetooth address/name.</entry>
    <entry key="invalidAddressType">Invalid first input data type. The input must be a character vector or string.</entry>
    <entry key="wlLibChangeNotSupported">Unable to change Arduino settings with {0} connection. Call arduinosetup to configure the board.</entry>
    <entry key="invalidWiFiBoard">''{0}'' board type is not supported. Specify one of the following as board type for WiFi connection: {1}.</entry>
    <entry key="wlBoardMismatch">Arduino {0} at address {1} is detected. Specify ''{2}'' as board type instead.</entry>
    <entry key="unsupportedMCLibrary">MotorCarrier library is not supported on board {0}.</entry>
    <entry key="notSupportedInterfaceHardwareSetupScreen">The {0} interface is not supported on board {1}. Clear the {0} library checkbox and program the board again</entry>
    <entry key="notSupportedLibraryHardwareSetupScreen">The {0} library is not supported on board {1}. Clear the {0} library checkbox and program the board again</entry>
    <entry key="thirdpartyLibNotInstalled">Unable to find {0} third-party library that is required to program this board. Run ''arduinosetup'' and use hardware setup interface to download and install the library.</entry>
    <entry key="notSupportedInterface">The {0} interface is not supported on board {1}.</entry>
    <entry key="reentrancyException">Rentrancy exception on arduino ''{0}'' method. &lt;a href="matlab:helpview(arduinoio.internal.getDocMap, ''reentrancy_exception'')"&gt;Click here for more information.&lt;/a&gt;</entry>
    <entry key="DueI2CBus1NotSupported">Arduino Due  Bus 1 is not supported for {0}. Use Bus 0 instead.</entry>
    <entry key="invalidPinType">Invalid pin format. Pin number must be a character vector or string that starts with D or A.</entry>
    <entry key="invalidLegacyPinType">Invalid pin format. Pin number must be a non-negative scalar integer.</entry>
    <entry key="invalidPinMode">Invalid {0} pin mode. The mode must be a character vector or string. Valid mode values are:\n{1}.</entry>
    <entry key="reservedResourceDigitalAnalog">{0} pin {1} is reserved by your arduino object in {2} mode. Use configurePin to change the pin configuration appropriately, or configure it to ''Unset'' to allow arduino to automatically set it.</entry>
    <entry key="reservedPin">Pin {0} was previously configured for ''{1}''. To complete this operation, use ''configurePin'' with mode ''{2}'', or ''Unset'' to allow arduino to automatically set the pin mode.</entry>
    <entry key="reservedResource">{0} pin {1} is reserved by {2} in ''{3}'' mode. To change the pin configuration, clear all variables holding onto this resource.</entry>
    <entry key="reservedByTone">{0} pin {1} is reserved by Tone. Configure the pin {2} to Unset or recreate arduino and related objects.</entry>
    <entry key="maxServosPWMESP32">Maximum limit of {1} servos and PWM pins reached for board {0}.</entry>
    <entry key="cannotChangePinConfig">Configuration for pin {0} for {1} board cannot be changed as it is reserved in {2} mode. To change configuration for pin {0} recreate arduino object in workspace.</entry>
    <entry key="invalidDigitalType">Invalid parameter type. The digital write value must be a logical (true/false), 0, or 1.</entry>
    <entry key="invalidDigitalValue">Invalid digital write value. Valid values are 0 or 1.</entry>
    <entry key="invalidDoubleTypePos">Invalid parameter type. The {0} value must be a scalar positive numeric double.</entry>
    <entry key="invalidDoubleTypeRanged">Invalid parameter type. The {0} value must be a scalar double between {1} and {2}.</entry>
    <entry key="invalidDoubleValueRanged">Invalid {0} value. The value must be between {1} and {2}.</entry>
    <entry key="invalidIntType">Invalid parameter type. The {0} value must be a scalar integer; valid values are {1}.</entry>
    <entry key="invalidIntValue">Invalid {0} value. Valid values are {1}.</entry>
    <entry key="invalidIntTypeRanged">Invalid parameter type. The {0} value must be a scalar integer between {1} and {2}.</entry>
    <entry key="invalidIntValueRanged">Invalid {0} value. The value must be an integer between {1} and {2}.</entry>
    <entry key="invalidIntArrayTypeRanged">Invalid array parameter type. The {0} array values must all be integers between {1} and {2}.</entry>
    <entry key="invalidIntArrayValueRanged">Invalid {0} array values. All array values must be integers between {1} and {2}.</entry>
    <entry key="invalidDoubleTypeRangedUnits">Invalid parameter type. The {0} value must be a scalar double between {1} and {2} ({3}).</entry>
    <entry key="invalidDoubleValueRangedUnits">Invalid {0} value. The value must be between {1} and {2} ({3}).</entry>
    <entry key="pressBootButton">ESP32 boards from some manufacturers may timeout while the upload is in progress. In such a case, press and hold down the Boot button on the ESP32 board and click ''OK'' on this screen to proceed. Wait for the confirmation to release the Boot button.</entry>
    <entry key="releaseBootButton">Release the Boot button on the ESP32 hardware and click ''OK'' to proceed.</entry>
    <entry key="communicationLostI2C">Communication with the board is lost. To recover communication, please check the power to the I2C device(s) on bus {0}, and try again. Otherwise, make sure the board is plugged in and recreate the arduino and its related objects.</entry>
    <entry key="reservedI2CPins">Board {0}, I2C communications requires pins {1}(SDA) and {2}(SCL). Pin {3} is being used for ''{4}''. To use the I2C bus, configure this pin to ''I2C''.</entry>
    <entry key="reservedSPIPins">Board {0}, SPI communications requires pins {1} which is currently in use. To use SPI, configure them to ''SPI''.</entry>
    <entry key="maxI2CData">I2C count for read and write operations have a limit of 144 for a data precision of ''uint8'', and 72 for a data precision of ''uint16''.</entry>
    <entry key="conflictSPIPinsCS">The pin {0} is reserved for SPI({1}), and cannot be used as chip select.</entry>
    <entry key="invalidNVPropertyName">Invalid name-value pairs name for {0}. Valid name-value pairs names are {1}.</entry>
    <entry key="invalidRegisterValue">Invalid register value. The value must be either a character vector or string between ''00'' to ''FF'' or an integer between 0 and 255.</entry>
    <entry key="invalidChipSelectPin">Invalid SPI chip select pin number {0}. Specify a digital pin number.</entry>
    <entry key="reservedResourceSPI">Pin {0} is reserved by other spidev object(s) in the current workspace. Clear all variables holding onto this resource first.</entry>
    <entry key="conflictI2CAddress">I2C address ''{0} (0x{1})'' already in use.</entry>
    <entry key="unsuccessfulI2CRead">Failed to read {0} {1} value(s) from the device.</entry>
    <entry key="unsuccessfulI2CReadRegister">Failed to read {0} values from register {1}.</entry>
    <entry key="invalidPrecision">Invalid precision. Valid precision values are {0}.</entry>
    <entry key="reservedServoPins">Board {0}, Servo requires pins {1} which is currently in use. To use Servo, configure it to ''Servo''.</entry>
    <entry key="maxServos">Maximum limit of {1} servos reached for board {0}.</entry>
    <entry key="reservedResourceServo">Pin {0} is reserved by other servo object(s) in the current workspace. Clear all variables holding onto this resource first.</entry>
    <entry key="invalidMinMaxPulseDurations">MaxPulseDuration of servo must be greater than MinPulseDuration.</entry>
    <entry key="requiredBothMinMaxPulseDurations">Specify both MinPulseDuration and MaxPulseDuration name-value pairs for servo.</entry>
    <entry key="invalidShiftRegWriteNumBits">Invalid write value. The length of the value must match with default or specified precision.</entry>
    <entry key="invalidEncoderChannelType">Invalid channel input. Specify a pin that starts with D or A.</entry>
    <entry key="invalidEncoderChannelPin">Invalid channel pins. Interrupt pins for board {0} are {1}.</entry>
    <entry key="reuseEncoderChannelPin">Pin {0} is already in use with rotary encoder. Clear all variables holding onto this resource.</entry>
    <entry key="invalidEncoderPPRValue">Pulse per revolution must be a positive integer.</entry>
    <entry key="encoderCountOverflow">Encoder count has overflowed on the hardware. Call resetCount to reset it.</entry>
    <entry key="encoderPPRNotSpecified">Recreate the rotary encoder object and specify pulse per revolution.</entry>
    <entry key="invalidCountOutputFormatValue">Invalid OutputFormat value. Valid value is ''duration''.</entry>
    <entry key="dcmotorAlreadyRunning">DC Motor {0} is already running.</entry>
    <entry key="conflictDCMotor">AdafruitMotorShieldV2\\\\DCMotor ''M{0}'' is already in use.</entry>
    <entry key="conflictStepperMotor">AdafruitMotorShieldV2\\\\Stepper Motor ''{0}'' is already in use.</entry>
    <entry key="maxAddonLimit">You have reached max limit of {0} on {1} add-ons for board {2}.</entry>
    <entry key="reservedResourceUltrasonic">Pins {0} are reserved by another ultrasonic object in the current workspace. Clear the object holding onto this resource first.</entry>
    <entry key="reservedUltrasonicPins">Pin {1} on Board {0} is configured to {2}. To use it with Ultrasonic sensor, configure it to ''Ultrasonic'' or ''Unset''.</entry>
    <entry key="UncalibratedSensor"> {0} is uncalibrated. Calibrate BNO055 sensor to ensure sensor returns correct data. See BNO055 &lt;a href="matlab:helpview(arduinoio.internal.getDocMap, ''calibratebno055'')"&gt;documentation&lt;/a&gt; for steps to calibrate the sensor.</entry>
    <entry key="conflictResourceMC">{0} {1} is already in use.</entry>
    <entry key="invalidMCMotorNumber">Invalid {0} 'MotorNumber'. Valid values are {1} to {2}.</entry>
    <entry key="invalidMCMotorNumberType">Invalid {0} 'MotorNumber' value. Valid values are {1} to {2}.</entry>
    <entry key="protocolDebugOn">Protocol debug is turned on. Do not use returned arduino object. Use serial to start debugging.</entry>
    <entry key="notSupportedMethod">Internal error: Method ''{0}'' is not supported by the ''{1}'' protocol.</entry>
    <entry key="invalidServerInitResponse">Internal error: Did not receive expected number of characters or received incorrect characters.</entry>
    <entry key="dataNotInBytes">Internal error: Data to be sent to server must be converted to uint8 data type.</entry>
    <entry key="invalidTimeout">Internal error: Parameter ''timeout'' must be a non-negative scalar integer.</entry>
    <entry key="invalidTimeoutValue">Internal error: Parameter ''timeout'' must be greater than {0}(s) if specified.</entry>
    <entry key="invalidLibraryNameFormat">Internal error: Parameter ''libName'' must be a character vector.</entry>
    <entry key="ArduinoSetupInfoMessage">You can install the driver for Arduino hardware. This process installs the Arduino USB Driver on your desktop.</entry>
    <entry key="ArduinoSetupInstallSteps">To install Arduino USB Driver, select the below option and click Next.</entry>
    <entry key="ArduinoSetupNotes">&lt;br&gt;1. Installation of driver requires Administrator privileges. Make sure you have setup your Windows User Account Control and Local Security Policy Settings correctly.&lt;br&gt;&lt;br&gt;2. If this is the first time using Arduino on this machine, you need to replug the hardware after the installation finishes.</entry>
    <entry key="ArduinoSetupDriverCheckbox">Enable installation of Arduino USB Driver</entry>
    <entry key="ArduinoDriverScreenTitle">Arduino USB Driver Installation</entry>
    <entry key="ArduinoResultsScreenTitle">Arduino Hardware Setup</entry>
    <entry key="ArduinoResultINFFailure">Driver Install Unsuccessful: Driver INF file not found.</entry>
    <entry key="ArduinoCompleteDescription">The hardware setup process for the MATLAB Support Package for Arduino is complete.\n\nTo restart the setup process, type ''arduinosetup''.</entry>
    <entry key="yesText">Yes</entry>
    <entry key="noText">No</entry>
    <entry key="driverInstallFailed">Warning: The driver installation has failed. Proceed if the Arduino driver already exists, otherwise follow this link to manually install it.</entry>
    <entry key="driverInstallDocLinkText">&lt;a href="matlab:helpview(arduinoio.internal.getDocMap, ''driver_install'')"&gt;Instructions on Installing Arduino Driver&lt;/a&gt;</entry>
    <entry key="skipSetupText">Do you want to set up your Arduino board connection?</entry>
    <entry key="noSerialPort">Choose a valid serial port. Check device connection if port is not listed.</entry>
    <entry key="noBoardSelected">Choose a board type.</entry>
    <entry key="retrieveWiFiText">Retrieving current Arduino WiFi configuration...</entry>
    <entry key="invalidBTAddress">Device address must be a 12-bit hexadecimal string.</entry>
    <entry key="operationSuccessText">Success! Click Next to proceed.</entry>
    <entry key="chooseArduinoPortText">Choose port:</entry>
    <entry key="chooseDevicePortText">Choose serial port:</entry>
    <entry key="chooseBoardText">Choose board:</entry>
    <entry key="chooseBaudRateText">Choose baud rate:</entry>
    <entry key="supportedTypesText">Supported types:</entry>
    <entry key="supportedDevicesText">Supported devices:</entry>
    <entry key="noSSIDAvailable">Arduino finds no available networks. Check your WiFi and the network settings.</entry>
    <entry key="wlConnectFailed">Arduino fails to connect to the network for all the attempts. Check your network settings.</entry>
    <entry key="wlConnectLost">Arduino has lost its network connection. Check your WiFi and network settings.</entry>
    <entry key="wlDisconneted">Arduino fails to connect to the network. Check your WiFi and the network settings.</entry>
    <entry key="ArduinoBTConnectScreenTitle">Connect Bluetooth Device to Arduino</entry>
    <entry key="ArduinoBTConnectScreenDescription">Follow the diagram below:</entry>
    <entry key="ArduinoBTConnectScreenWhatToConsider">1. Make sure RXD on the Bluetooth device is connected to pin 1 on Arduino and TXD on the Bluetooth device is connected to pin 0 on Arduino.&lt;br&gt;&lt;br&gt;2. You can unplug the USB cable and power your Arduino board with an external power supply.</entry>
    <entry key="ComputerBTConnectScreenTitle">Connect Bluetooth Device to Host Computer</entry>
    <entry key="ComputerBTConnectScreenDescription">Connect your Bluetooth device to host computer with a 3.3V FTDI serial to USB adaptor.</entry>
    <entry key="ComputerBTConnectScreenWhatToConsider">Make sure TXD on FTDI is connected to RXD on the Bluetooth device and RXD on FTDI is connected to TXD on the Bluetooth device.&lt;br&gt;&lt;br&gt;If the Bluetooth device requires 5V power or you have a 5V FTDI adaptor, see Arduino Bluetooth Setup Issues topic in the Troubleshooting documentation.</entry>
    <entry key="ComputerBTConnectScreenHC05Text">Important: Connect Gnd, TX and RX first. Press and hold button on Bluetooth device. While holding the button, connect Vcc and then release the button. The device LED should blink slowly.</entry>
    <entry key="ConfigureBTScreenTitle">Configure Bluetooth Device</entry>
    <entry key="ConfigureBTScreenAboutSelection">Port is the serial port on your host computer that your Bluetooth device is connected to via FTDI.</entry>
    <entry key="ConfigureBTScreenButtonText">To begin configuring the device, click ''Configure''.</entry>
    <entry key="ConfigureBTScreenDocLinkText">&lt;a href="matlab:helpview(arduinoio.internal.getDocMap, ''bluetooth_ftdi'')"&gt;Find FTDI serial port&lt;/a&gt;</entry>
    <entry key="ConfigureBTScreenTableText1">Pairing code set to {0}</entry>
    <entry key="ConfigureBTScreenTableText2">Module set to peripheral mode</entry>
    <entry key="ConfigureBTScreenFailureText">Failed to configure the Bluetooth device. Check the serial port and your device wiring.</entry>
    <entry key="ObtainIPScreenTitle">Retrieve Arduino WiFi Configuration</entry>
    <entry key="ObtainIPScreenWhatToConsider">&lt;b&gt;Confirm that Arduino board is connected to your host computer using a USB cable at this step.&lt;/b&gt;</entry>
    <entry key="ObtainIPScreenAboutSelection">This step retrieves the current IP address and port number from your Arduino board, which must be connected to the network.</entry>
    <entry key="ObtainIPScreenButtonText">To begin retrieving WiFi configuration from board, click ''Retrieve''.</entry>
    <entry key="retrieveIPFailed">Failed to get device WiFi configuration. Check board and port. Or go back and reconfigure Arduino WiFi settings.</entry>
    <entry key="PairBTScreenTitle">Pair Bluetooth Device</entry>
    <entry key="PairBTScreenWhatToConsider">&lt;br&gt;* indicates required field.</entry>
    <entry key="PairBTStep1Text">1. If using a Windows desktop computer, connect a Bluetooth dongle to your computer. Otherwise, proceed to step 2.</entry>
    <entry key="PairBTStep2HC0506Text">2. Follow this link to pair your Bluetooth device.</entry>
    <entry key="PairBTStep3HC0506Text">3. Follow this link to get your Bluetooth device address.</entry>
    <entry key="PairBTStep4HC0506Text">4. Enter your Bluetooth device address *:</entry>
    <entry key="PairBTScreenDocLink1Text">&lt;a href="matlab:helpview(arduinoio.internal.getDocMap, ''DOCLINK'')"&gt;Instructions on Pairing Bluetooth Device&lt;/a&gt;</entry>
    <entry key="PairBTScreenDocLink2Text">&lt;a href="matlab:helpview(arduinoio.internal.getDocMap, ''DOCLINK'')"&gt;Instructions on Getting Bluetooth Device Information&lt;/a&gt;</entry>
    <entry key="SelectBTScreenTitle">Choose Bluetooth Device</entry>
    <entry key="SelectBTScreenDescription">Choose your Bluetooth device.</entry>
    <entry key="SelectBTScreenAboutSelectionHC0506">You need a 3.3V FTDI adaptor to configure the Bluetooth device.</entry>
    <entry key="SelectBTDeviceScreenBTNoteICT">Connecting to Arduino with this Bluetooth device requires Instrument Control Toolbox.</entry>
    <entry key="skipConfigureText">Have you configured this Bluetooth device in Hardware Setup before?</entry>
    <entry key="SelectConnectionScreenTitle">Choose Connection Type</entry>
    <entry key="SelectConnectionScreenDescription">Connect Arduino via USB and choose your connection type.</entry>
    <entry key="SelectConnectionScreenAboutSelection">This connection type determines how the Arduino board will be connected to your host computer after setup.</entry>
    <entry key="SelectConnectionScreenUSBNote">Note: Remove any connected Bluetooth device from Arduino board before clicking Next.</entry>
    <entry key="SelectConnectionScreenBTNote">Note: Ensure Bluetooth radio is available on your computer and is turned on. Remove any connected Bluetooth device from Arduino board before clicking Next.</entry>
    <entry key="SelectConnectionScreenWhatToConsider">Network settings are used to connect an Arduino board to the network that your host computer has access to.&lt;br&gt;&lt;br&gt;For better security:&lt;br&gt;1. Choose WPA/WPA2 encryption type.&lt;br&gt;2. Use encrypted network and for non-production critical use cases.&lt;br&gt;3. Limit outbound network access.&lt;br&gt;&lt;br&gt;* indicates required field.</entry>
    <entry key="SelectConnectionScreenEncryptionText">Select encryption type:</entry>
    <entry key="SelectConnectionScreenEncryptionTitle">Network Settings</entry>
    <entry key="SelectAllLibrariesTitle">Select All</entry>
    <entry key="retrieveIPText">Retrieve last configuration\nfrom Arduino board</entry>
    <entry key="TestConnectionScreenTitle">Test Arduino Connection</entry>
    <entry key="TestConnectionScreenWhatToConsider">See arduino function reference in Documentation for more information about using Arduino board after setup.</entry>
    <entry key="TestConnectionScreenStepText">Test arduino connection</entry>
    <entry key="testConnectionFailed">Test connection failed. Go back to check your settings. For more information, see &lt;a href="matlab:helpview(arduinoio.internal.getDocMap, ''arduinoio_troubleshooting'')"&gt;Arduino Hardware Troubleshooting&lt;/a&gt;.</entry>
    <entry key="testConnectionFailedConnectionExists">Test connection failed. {0}</entry>
    <entry key="testConnectionSuccessSerial">Test connection successful. To use your Arduino board with the current settings, use the Arduino Explorer app or type a = arduino. For unofficial (clone) Arduino boards, type a = arduino(port,board).</entry>
    <entry key="testConnectionSuccess">Test connection successful. To use your Arduino board with the current settings, use the Arduino Explorer app or type a = arduino.</entry>
    <entry key="BoardSelectionScreenTitle">Select Board and Port</entry>
    <entry key="BoardSelectionScreenAboutSelection">Select Board name and port of the Arduino you want to setup.</entry>
    <entry key="UpdateServerScreenTitle">Upload Arduino Server</entry>
    <entry key="UpdateServerScreenAboutSelection">This step uploads a server to Arduino board that allows MATLAB to communicate with it.</entry>
    <entry key="UpdateServerScreenConnectUSBText">Connect Arduino to host computer via USB</entry>
    <entry key="UpdateServerScreenLibraryText">Select libraries to be included in the server:</entry>
    <entry key="UpdateServerScreenButtonText">To begin uploading server to the board, click ''Program''.</entry>
    <entry key="UpdateServerScreenWhatToConsider">Make sure there is no existing connection to the Arduino board in MATLAB workspace before clicking Program.</entry>
    <entry key="UpdateServerScreenBLEWhatToConsider">Use the default device name or choose a device name from the drop down list. You may even enter a device name of your choice.</entry>
    <entry key="obtainingIP">Obtaining device IP address from Arduino board.</entry>
    <entry key="obtainingBLE">Obtaining device address from Arduino board.</entry>
    <entry key="programLogLinkText">&lt;a href="matlab:edit ''{0}''"&gt;''{1}''&lt;/a&gt;</entry>
    <entry key="obtainIPFailed">Failed to get device IP address. Check the WiFi network settings to ensure device can join the network and program it again.</entry>
    <entry key="obtainBLEFailed">Fail to get device address. Check the settings and program device again.</entry>
    <entry key="programArduinoFailed">Failed to program the Arduino board. Click the following link to see the error log. Contact Technical Support if you need more help.</entry>
    <entry key="NoDirectoriesRemoved">Failed to remove {0}. Close any open files in the directory and/or restart MATLAB.</entry>
    <entry key="openArduinoFailed">Failed to open serial port {0} to communicate with board {1}.</entry>
    <entry key="reprogramArduinoText">The server settings have been changed. Reprogram the board to proceed.</entry>
    <entry key="programButtonText">Program</entry>
    <entry key="retrieveButtonText">Retrieve</entry>
    <entry key="configureButtonText">Configure</entry>
    <entry key="refreshButtonText">Refresh</entry>
    <entry key="testButtonText">Test connection</entry>
    <entry key="launchExplorerApp">Launch Arduino Explorer app</entry>
    <entry key="invalidSPPKGVersionHWSETUP">MATLAB Arduino Support Package Outdated. Open Add‑On Explorer to reinstall MATLAB Support Package for Arduino Hardware.</entry>
    <entry key="SelectorEnterNameText">Enter name of device or select from a list of available devices:</entry>
    <entry key="EnterNameText">Name:</entry>
    <entry key="DetectingDeviceList">Detecting already configured Arduino devices</entry>
    <entry key="DetectingDeviceConfiguration">Retrieving device configuration from Arduino hardware</entry>
    <entry key="MaxDeviceNameLength">Name length exceeds 29 characters. Enter a shorter Name.</entry>
    <entry key="InvalidBLEDeviceName">Invalid device name. Device name should contain alphanumeric characters, space, '(', and ')' only.</entry>
    <entry key="BLEDeviceNameMisMatch">The selected device name doesn't match the name of the Arduino hardware. Select correct name to reconfigure the device. Alternatively, enter new name or choose default name to configure the hardware.</entry>
    <entry key="FailedToRetrieveAddressNameLib">Failed to retrieve {0} from Arduino board. Check the Arduino board is properly plugged to the specified port.</entry>
    <entry key="ConflictingBLEDeviceName">Found another device with the same name. Go back to the upload server screen, enter another name and then click Program.</entry>
    <entry key="ErrorObtainingDeviceAddress">Error obtaining device address</entry>
    <entry key="BTRadioNotAvailableText">Bluetooth radio is not available</entry>
    <entry key="install3pLibText">Install ESP32 third-party library. &lt;a href="https://github.com/espressif/arduino-esp32/blob/master/LICENSE.md"&gt;View license&lt;/a&gt;.</entry>
    <entry key="installServoESP323pLibText">Install Servo ESP32 third-party library. &lt;a href="https://github.com/RoboticsBrno/ServoESP32/blob/master/LICENSE"&gt;View license&lt;/a&gt;.</entry>
    <entry key="thirdPartyLibraryRequired">{0} third-party library is required to program this board. Select ''Install {0} third-party library'' and then click ''Program''.</entry>
    <entry key="Installing3pLibrary">Installing ESP32 third-party library. This may take a few minutes.</entry>
    <entry key="FailedToInstall3pLibrary">ESP32 third-party library download and installation failed. Ensure that your computer is connected to internet. For more details see &lt;a href="matlab:helpview(arduinoio.internal.getDocMap,''arduinoio_troubleshooting'')"&gt;Troubleshooting steps&lt;/a&gt;.</entry>
    <entry key="locationReqFieldDeploy">Arduino IDE Path is a required field.</entry>
    <entry key="locationValidFolderDeploy">Arduino IDE Path must be a valid folder.</entry>
    <entry key="locationValidationInfoDeploy">### Validating IDE Path</entry>
    <entry key="locationValidationSuccessInfoDeploy">### IDE Path validation successful</entry>
    <entry key="locationInvalidDeploy">Enter a valid Arduino IDE Path.</entry>
    <entry key="uiCloseDeploy">### End User close...</entry>
    <entry key="ArduinoHelpText">Click the &lt;strong&gt;Device&lt;/strong&gt; icon in the toolstrip to add a new Arduino® device.</entry>
    <entry key="InvalidAPDS9960ColorMode">Invalid color mode ''{0}''. Valid color modes are 'normalized' and 'raw'.</entry>
    <entry key="InitAPDS9960Failed">Initialization of APDS9960 sensor failed. Check the connection between the APDS9960 sensor and the Arduino board and recreate apds9960 object.</entry>
  </message>
</rsccat>
