<?xml version="1.0" encoding="UTF-8"?>
<!--Copyright 2023 The MathWorks, Inc.-->

<rsccat xmlns:xsi="http://www.w3.org/2001/XMLSchema-instance" version="1.0" locale="ja_JP" product="MATLAB" xsi:noNamespaceSchemaLocation="../../../../resources/schema/msgcat.xsd">
  <message>
    <entry key="nosave">{0} オブジェクトはディスクに保存できません。これらはスキップされます。</entry>
    <entry key="nosparse">{0} オブジェクトはスパース配列に配置できません。</entry>
    <entry key="unsupported">メソッド ''{0}'' はクラス ''{1}'' のオブジェクトではサポートされません。</entry>
    <entry key="missingFile">ファイル ''{0}'' が見つかりません。サポート パッケージを再インストールするには、&lt;a href="matlab: matlab.addons.supportpackage.internal.explorer.showSupportPackages(''{1}'', ''tripwire'');"&gt;アドオン エクスプローラー&lt;/a&gt;を開いてください。</entry>
    <entry key="noWritePermission">現在のディレクトリに対する書き込み権限がありません。[現在のフォルダー] を別の場所に変更してください。</entry>
    <entry key="notImplemented">内部エラー: 実装されていない関数が呼び出されました。</entry>
    <entry key="errorMessageParamNotString">内部エラー: ローカライズされたメッセージを文字ベクトル以外のパラメーターで生成しようとしています。</entry>
  </message>
</rsccat>
