<?xml version="1.0" encoding="UTF-8" standalone="yes"?>
<instructions>
    <platform>maci64</platform>
    <downloadInstruction>
        <downloadUrl>https://ssd.mathworks.com/supportfiles/downloads/SupportPackageThirdParty/R2021bv2/arduinoide/maci64/MW_arduino-1.8.19-macosx_21b.zip</downloadUrl>
        <archive>MW_arduino-1.8.19-macosx_21b.zip</archive>
    </downloadInstruction>
    <installInstructions xmlns:xsi="http://www.w3.org/2001/XMLSchema-instance" xsi:type="ExtractInstruction">
        <archiveType>ZIP_ARCHIVE</archiveType>
        <archiveName>$IS_DOWNLOADED_FILE</archiveName>
    </installInstructions>
    <installInstructions xmlns:xsi="http://www.w3.org/2001/XMLSchema-instance" xsi:type="InstallationInstruction">
        <command>$IS_ROOT_DIR$IS_FILE_SEPArduino.app$IS_FILE_SEPContents$IS_FILE_SEPMacOS$IS_FILE_SEPArduino</command>
        <command>--pref</command>
        <command>settings.path=$IS_ROOT_DIR$IS_FILE_SEPidepkgs</command> 
        <command>--save-prefs</command>
        <returnCodeChecks>
            <code>0</code>
            <message>Successfully registered Arduino board packages.</message>
        </returnCodeChecks>
        <passingReturnCodes>
            <codes>0</codes>
        </passingReturnCodes>
    </installInstructions>
    <displayName>Arduino software</displayName>
    <licenseUrl>http://www.mathworks.com/supportfiles/roth/License_ArduinoIDE.txt</licenseUrl>
    <checksum>baf0f97ec1182484fcee80e4d0af5c49</checksum>
</instructions>
