<?xml version="1.0" encoding="UTF-8" ?>
<rsccat version="1.0" locale="en_US" product="opencvinterface">
  <message>
    <entry key="incompatibleCompiler">The OpenCV libraries were built using ''{0}''. \n Your compiler is ''{1}''. \n These compilers may not be compatible. \n Note that you can select a compiler using 'mex -setup' command.</entry>  
    <entry key="invalidType">Invalid input type, expected clib object inputs.</entry>
    <entry key="invalidImage">Invalid image type, expected image of dimensions 2 or 3.</entry>  
    <entry key="invalidcvptr">Invalid clib object type, expected clib object of type Ptr_cv__*.</entry>
    <entry key="invalidArray"> Invalid array type specified</entry>
    <entry key="invalidObject"> Invalid image container object</entry>
    <entry key="cvptrNotDefined"> The clib object of type ''{0}'' is not defined for opencv clib interface</entry>  
    <entry key="arrayNotSupported">clibArray type is not supported.</entry>  
</message>
</rsccat>
