<?xml version="1.0"?>
<rsccat version="1.0" locale="en_US" product="nnet_cnn_kerasimporter">
    <message>
        <entry key="NoSparseInput">Layer ''{0}'': Sparse input is not supported. Assuming full input.</entry>
        <entry key="LSTMRecurrentActivation">Activation function ''{0}'' is not supported in the recurrent_activation field in LSTM layers.</entry>
        <entry key="LSTMActivation">Activation function ''{0}'' is not supported in the activation field in LSTM layers.</entry>
        <entry key="biLSTMRecurrentActivation">Activation function ''{0}'' is not supported in the recurrent_activation field in Bidirectional LSTM layers.</entry>
        <entry key="biLSTMActivation">Activation function ''{0}'' is not supported in the activation field in Bidirectional LSTM layers.</entry>
        <entry key="LSTMGoBackwards">Keras LSTM option ''go_backwards'' is not supported.</entry>
        <entry key="BadBidirectionalWrapper">Bidirectional Keras wrapper is supported only for LSTM layers with merge_mode=''concat''.</entry>
        <entry key="UnexpectedUnderlyingBidirectionalLayer">Bidirectional Keras wrapper is supported only for LSTM layers.</entry>
        <entry key="GRURecurrentActivation">Activation function ''{0}'' is not supported in the recurrent_activation field in GRU layers.</entry>
        <entry key="GRURecurrentBiases">Recurrent biases for GRU layers are not supported.</entry>
        <entry key="GRUActivation">Activation function ''{0}'' is not supported in the activation field in GRU layers.</entry>
        <entry key="GRUGoBackwards">Keras GRU option ''go_backwards'' is not supported.</entry>
        <entry key="NoKerasVersion">Unable to find Keras version number in file ''{0}''. Assuming version 2.x.x.</entry>
        <entry key="KerasVersionTooOld">File ''{0}'' was saved in Keras version ''{1}''. Import of Keras versions older than ''{2}'' is not supported.</entry>
        <entry key="KerasVersionTooNew">File ''{0}'' was saved in Keras version ''{1}''. Import of Keras versions newer than ''{2}'' has not been thoroughly tested yet. The imported model might not exactly match the model saved in the Keras file.</entry>
        <entry key="UnknownBackend">Unable to determine Keras backend from file ''{0}''. Assuming Tensorflow backend.</entry>
        <entry key="LayersNoTrainingConfig">Imported layers have no output layer because the model does not specify a loss function. Add an output layer or use the ''OutputLayerType'' name-value argument when you call importKerasLayers.</entry>
        <entry key="OutputLayerTypeNotNeeded">Keras network already specifies the output layer type. ''OutputLayerType'' will be ignored.</entry>
        <entry key="NetworkNoTrainingConfig">Keras network does not include loss information specifying the output layer type. Specify the type using the ''OutputLayerType'' argument.</entry>
        <entry key="MONetworkNoTrainingConfig">Keras network has multiple outputs and does not include loss information specifying the output layer types. Call importKerasLayers with ''ImportWeights'' set to true.</entry>
        <entry key="MOOutputLayerType">''OutputLayerType'' argument is not supported for multiple output Keras networks.</entry>
        <entry key="ImageInputSizeNeeded">Keras network does not specify the input size. Specify the input size using the ''ImageInputSize'' argument.</entry>
        <entry key="LayersImageInputSizeNeeded">Keras network does not specify the input size. importKerasLayers inserts a placeholder layer for the input. Find and replace the layer by using findPlaceholderLayers and replaceLayer, respectively. Or, you can specify the input size using the ''ImageInputSize'' argument when you call importKerasLayers.</entry>
        <entry key="MINetworkImageInputSizeNeeded">Keras network has multiple inputs and does not specify the input sizes. Use importKerasLayers with the 'ImportWeights' value specified as true to import the network as a LayerGraph object with placeholder layers for the inputs. </entry>
        <entry key="MILayersImageInputSizeNeeded">Keras network has multiple inputs and does not specify input sizes. importKerasLayers inserts placeholder layers for the inputs. Find and replace the layers by using findPlaceholderLayers and replaceLayer, respectively.</entry>
        <entry key="MIImageInputSize">''ImageInputSize'' is not supported for multiple input Keras networks.</entry>
        <entry key="MIMONetworkWithSequenceInput">Keras network with multiple inputs or multiple outputs is not supported when one of the network inputs is sequential.</entry>
        <entry key="ImageInputSizeBad">''ImageInputSize'' must be a vector of 2 or 3 positive integers.</entry>
        <entry key="ImageInputSizeMismatch">Element {0} of the ''ImageInputSize'' argument ({1}) does not match the corresponding dimension of the image input size defined in the Keras network ({2}).</entry>
        <entry key="UnsupportedLayerSettingsWarning">Unable to import layer. Keras layer ''{0}'' with the specified settings is not supported. The problem was: {1}</entry>
        <entry key="UnsupportedTFOpLambdaLayerFun">TFOpLambda function ''{0}'' is not supported and is replaced by a placeholder layer.</entry>        
        <entry key="UnsupportedProductLayer">Unable to import layer. Layer ''{0}'' requires ''{1}''</entry>
        <entry key="FailedToReadWeightParameter">Error reading weight parameter from full path ''{0}''</entry>
        <entry key="BadImportWeights">Value for ''ImportWeights'' must be true or false.</entry>
        <entry key="ConfigJSONButNoWeightfile">''WeightFile'' must be passed when the model is of type JSON.</entry>
        <entry key="CantReadHDF5">Unable to read HDF5 file ''{0}''. The error message was: ''{1}'''</entry>
        <entry key="CantReadModelConfig">Error reading Keras model_config from file ''{0}''. The error message was: ''{1}'''</entry>
        <entry key="CantReadTrainingConfig">Error reading Keras training_config from file ''{0}''. The error message was: ''{1}'''</entry>
        <entry key="UnsupportedBackend">File ''{0}'' uses Keras backend ''{1}'', which is not supported.</entry>
        <entry key="NoModelConfig">Unable to import layers from file ''{0}'' because it contains only network weights but no network architecture. The file may have been saved in Keras using the save_weights() method. If you have a separate architecture file, use that as the first argument and additionally specify the file containing the weights using the ''WeightFile'' name-value pair argument. If you do not have a separate architecture file, save both the weights and the architecture to the same file in Keras using the save() method.</entry>
        <entry key="NoWeightSharing">Unable to import network. Weight sharing is not supported.</entry>
        <entry key="UnsupportedLayerWarning">Unable to import some Keras layers, because they are not supported by the Deep Learning Toolbox. They have been replaced by placeholder layers. To find these layers, call the function findPlaceholderLayers on the returned object.</entry>
        <entry key="UnsupportedOutputLayerWarning">Keras network has multiple outputs and does not include loss information specifying the output layer types. importKerasLayers inserts placeholder layers for the outputs. Find and replace the layers by using findPlaceholderLayers and replaceLayer, respectively.</entry>
        <entry key="noCVSTForPixelClassification">OutputLayerType ''pixelclassification'' requires Computer Vision Toolbox.</entry>
        <entry key="PixelClassificationLayerOmitted">Unable to import a pixel classification output layer because it requires Computer Vision Toolbox.</entry>
        <entry key="MissingKerasField">Keras struct for layer ''{0}'' of type ''{1}'' has no field ''{2}''.</entry>
        <entry key="UnsupportedActivation">Activation type ''{0}'' is not supported.</entry>
        <entry key="UnsupportedPadding">Layer ''{0}'': Unable to import layer. The padding value is not supported.</entry>
        <entry key="UnsupportedAxis">Layer ''{0}'': Unable to import layer. ''axis'' values other than -1 or 3 are not supported.</entry>
        <entry key="UnsupportedAxis2">Layer ''{0}'': Unable to import layer. ''axis'' values other than -1 are not supported.</entry>
        <entry key="NoActivityRegularization">Layer ''{0}'': Unable to import layer. Activity regularization is not supported.</entry>
        <entry key="NoDilationRate">Layer ''{0}'': Unable to import layer. Dilation rate other than 1 is not supported.</entry>
        <entry key="UnsupportedMergeMode">Layer ''{0}'': ''Merge'' layer mode of ''{1}'' is not supported.</entry>
        <entry key="UnsupportedMergeOutputShape">Layer ''{0}'': ''Merge'' layer output_shape argument is not supported.</entry>
        <entry key="BadNumChannels">Layer ''{0}'': Unable to import layer. Input layers with number of channels not equal to 1 or 3 are not supported.</entry>
        <entry key="BadInputDim">Layer ''{0}'': Input data dimensionality of {0} is not supported.</entry>
        <entry key="FirstArgString">First argument must be a char array or a string.</entry>
        <entry key="FileNotFound">File not found: ''{0}''.</entry>
        <entry key="FileNotFoundButFolderExistsImportNetwork">Unable to find file ''{0}''. Import the TensorFlow network in the SavedModel format from the folder ''{0}'' by using importTensorFlowNetwork.</entry>
        <entry key="FileNotFoundButFolderExistsImportLayers">Unable to find file ''{0}''. Import the TensorFlow network layers in the SavedModel format from the folder ''{0}'' by using importTensorFlowLayers.</entry>
        <entry key="FormatString">''Format'' value must be a char array or a string.</entry>
        <entry key="UnsupportedFormat">File extension ''{0}'' not supported.</entry>
        <entry key="UnsupportedFormatButProtobufImportNetwork">Files with extension ''{0}'' are not supported. Import the TensorFlow network in the SavedModel format by using importTensorFlowNetwork.</entry>
        <entry key="UnsupportedFormatButProtobufImportLayers">Files with extension ''{0}'' are not supported. Import the TensorFlow network layers in the SavedModel format by using importTensorFlowLayers.</entry>
        <entry key="UnknownFormat">Model file has no file extension. Assuming HDF5 (.h5) format.</entry>
        <entry key="OutputLayerTypeString">''OutputLayerType'' value must be a char array or a string.</entry>
        <entry key="UnsupportedOutputLayerType">''OutputLayerType'' value must be ''classification'', ''pixelclassification'', ''regression'' or ''binarycrossentropyregression''.</entry>
        <entry key="WeightFileString">''WeightFile'' value must be a char array or a string.</entry>
        <entry key="NoChannelsFirst">Unable to import Keras layer ''{0}''. The "data_format" value must be "channels_last".</entry>
        <entry key="UnsupportedReshapeLayer">Unable to import layer ''{0}'' with ''{1}'' ''target_shape'' values greater than 1. ''target_shape'' for Keras Reshape layers can have only one value greater than 1.</entry>
        <entry key="UnsupportedLoss">Loss function ''{0}'' is not supported.</entry>
        <entry key="ZP2DAmounts">''Amounts'' value must be scalar, vector of length 2 or vector of length 4.</entry>
        <entry key="NoLSTMInDAG">Importing ''LSTM'' layers in Keras models built with the functional API is not supported.</entry>
        <entry key="CantBuildNetWithUnsupportedLayers">Unable to import network because some network layers are not supported. To import layers and weights, call importKerasLayers with 'ImportWeights' set to true.</entry>
        <entry key="FindPlaceholderLayersArg">Argument must be a LayerGraph or a Layer array.</entry>
        <entry key="InvalidClassNames">ClassNames must be a string vector or a cell vector of character vectors.</entry>
        <entry key="FillingInClasses">Saved Keras networks do not include classes. Classes will be set to categorical(1:N), where N is the number of classes in the classification output layer of the network.  To specify classes, use the 'Classes' argument.</entry>
        <entry key="ClassesForRegression">Specifying classes is supported only for classification layers using the categorical_crossentropy loss function.</entry>
        <entry key="ClassesMismatchSize">Expected the number of classes specified to match the number of classes in the classification output layer: {0,number,integer}. Instead it was {1,number,integer}.</entry>
        <entry key="ClassesAndClassNamesNVP">Incompatible arguments. To set the Classes property of the classification layer, use the 'Classes' argument only.</entry>
        <entry key="ClassNamesDeprecated">'Classnames' is deprecated. Use the 'Classes' argument instead.</entry>
        <entry key="PlaceholderCantBeUsed">Networks containing PlaceholderLayers cannot be trained or used for prediction. Either remove or replace all PlaceholderLayers.</entry>
        <entry key="UnknownInputDimensions">Layer ''{0}'': The Keras network does not specify the size of this input layer. A placeholder layer will be inserted in its place.</entry>
        <entry key="NoWeightsInLayer">No weights were found for layer ''{0}''.</entry>
        <entry key="NoWeightField">No weight field ''{0}'' was found for layer ''{1}''.</entry>
        <entry key="CantImportWeightsFromJsonFile">Model file ''{0}'' contains no weights. Either set ''ImportWeights'' to false or use the ''WeightFile'' argument to pass an HDF5 weight file.</entry>
        <entry key="BinaryCrossEntropyRegressionLayerDescription">Binary cross-entropy regression output layer</entry>
        <entry key="BinaryCrossEntropyRegressionLayerType">Binary cross-entropy regression</entry>
        <entry key="FlattenDescription">Flatten activations into 1-D assuming C-style (row-major) order</entry>
        <entry key="FlattenType">Keras Flatten</entry>
        <entry key="GlobalAveragePooling2dDescription">Average of each channel over entire image</entry>
        <entry key="InputVerificationType">Input Verification</entry>
        <entry key="InputVerificationDescription">This layer verifies the input to ''{0}'' has size [{1}] and data format ''{2}''.</entry>
        <entry key="InputVerificationMismatchPrologue">Invalid input data for ''{0}''</entry>
        <entry key="InputVerificationExpected">Layer ''{0}'' expects input data of size [{1}] and format ''{2}'', but the input data has size [{3}] and format ''{4}''.</entry>
        <entry key="InputVerificationMismatch">{0}</entry>
        <entry key="GlobalAveragePooling2dType">Global average pooling</entry>
        <entry key="PreluLayerDescription">PReLU layer</entry>
        <entry key="PreluLayerType">PReLU</entry>
        <entry key="UnsupportedPReLUParameterSize">Layer ''{0}'' is a PReLU layer with a vector-valued parameter 'Alpha'. During import, the function replaces the parameter with the average of the vector elements. After import, it is possible to change the parameter back to a vector.</entry>
        <entry key="BadPReLUCustomAlphaShape">Invalid alpha parameter. Please change the alpha parameter to be compatible with the expected input shape.</entry>
        <entry key="SigmoidDescription">Sigmoid layer</entry>
        <entry key="SigmoidType">Sigmoid</entry>
		<entry key="SoftsignDescription">Softsign layer</entry>
        <entry key="SoftsignType">Softsign</entry>
        <entry key="TanhDescription">Tanh layer</entry>
        <entry key="TanhType">Tanh</entry>
        <entry key="ZeroPadding2dDescription">Pad images with zeros on the top, bottom, left, and right</entry>
        <entry key="ZeroPadding2dType">Zero padding 2d</entry>
        <entry key="PlaceholderDescription">Placeholder for ''{0}'' Keras layer</entry>
        <entry key="PlaceholderType">PLACEHOLDER LAYER</entry>
        <entry key="UnsupportedReluThreshold">Layer ''{0}'': ReLU layer threshold values other than 0 are not supported.</entry>
        <entry key="ClipDescription">Clip activations between {0} and {1}.</entry>
        <entry key="ClipType">Clip</entry>
        <entry key="BatchNormNegVar">In the BatchNormalization layer ''{0}'', some components of the trained variance are zero or negative in the Keras network. They have been imported as small positive values.</entry>
        <entry key="StrideGreaterThanKernelSize">Unable to import transposed convolution layer ''{0}''. When the output padding is nonzero, the stride  must be less than the kernel size.</entry>
        <entry key="ConvTransposeOutputPadding">Unable to import transposed convolution layer "{0}". The output padding must be zero.</entry>
        <entry key="MinLengthNotSet"> Unable to set the 'MinLength' parameter in layer ''{0}'' because the layer graph contains placeholder layers.</entry>
        <entry key="UnsupportedInterpolationMethod">Layer ''{0}'' was imported with the interpolation method set to ''bilinear''.</entry>
        <entry key="ImporterResizeNearest">Layer ''{0}'' (Resizing Tensorflow layer) was imported with the interpolation method set to ''nearest''. The outputs of the corresponding MATLAB layer might differ from the TensorFlow layer outputs by up to one pixel location.</entry>
        <entry key="UnsupportedResizeWithCrop">Unable to import layer ''{0}''. For a Resizing Tensorflow layer, the crop_to_aspect_ratio value must be False.</entry>
        <entry key="WarnAPIDeprecationKeras">''{0}'' is not recommended and will be removed in a future release. To import TensorFlow-Keras models, save using the SavedModel format and use importNetworkFromTensorFlow function.</entry>
        <!-- replaceLayer -->
        <entry key="BadArgType1">First argument must be a LayerGraph.</entry>
        <entry key="BadArgType2">Second argument must be a string or character vector.</entry>
        <entry key="BadArgType3">Third argument must be a layer array.</entry>
        <entry key="NamesMissing">All new layers must have names.</entry>
        <entry key="LayerNotFound">Layer ''{0}'' not found in LayerGraph.</entry>
        <entry key="NewDuplicateNames">New layers must not contain duplicate names.</entry>
        <entry key="FinalDuplicateNames">Some new names conflict with existing names. All layer names must be unique.</entry>
        <!-- TensorFlow Importer messages -->
        <entry key="OutputLayerTypeNotNeededForDlnetwork">As 'TargetNetwork' is specified as 'dlnetwork', 'OutputLayerType' will be ignored.</entry>
        <entry key="LayerNameNotFoundInConfig">Unable to import the model because the names for some layers were not found in the Keras model configuration.</entry>
        <entry key="TFGraphNotFound">Unable to find a TensorFlow graph for: ''{0}''. This layer is still a placeholder layer.</entry>
        <entry key="OperatorNotSupported">Operator ''{0}'' is not supported.</entry>
        <entry key="SavedModelPbNotFound">Unable to find 'saved_model.pb' file in the folder: ''{0}''.</entry>
        <entry key="VariablesNotFound">Unable to find 'variables' folder in the folder: ''{0}''.</entry>
        <entry key="FolderNotFound">ModelFolder not found: ''{0}''.</entry>
        <entry key="FolderNotWritable">Unable to write to directory ''{0}''. To avoid potential errors during translation, check and enable the write permission.</entry>
        <entry key="FolderNotFoundButH5FileExistsImportNetwork">Unable to find folder ''{0}''. Import the Keras network in the HDF5 or JSON format from the file ''{0}'' by using importKerasNetwork.</entry>
        <entry key="FolderNotFoundButH5FileExistsImportLayers">Unable to find folder ''{0}''. Import the Keras network layers in the HDF5 or JSON format from the file ''{0}'' by using importKerasLayers.</entry>
        <entry key="UnableToGenerateLegalVariableOrFunctionName">Legal name failed.</entry>
        <entry key="SubclassedModelNotSupported">The provided TensorFlow modelFolder contains a SubClassed Model. This is not currently supported.</entry>
        <entry key="KerasMetadataNotFound">Unable to find 'keras_metadata.pb' file in the modelFolder. Import support for TensorFlow models without Keras Metadata is limited.</entry>
        <entry key="UnspecifiedPackageName">The model name ''{0}'' cannot be used as a valid package name. Hence any generated custom layers will be written to +''{1}'' instead.</entry>
        <entry key="InvalidPackageNameSpecified">''{0}'' is not a valid package name. Please use a valid package name, for example: ''{1}''.</entry>
        <entry key="PackageAlreadyExists">The package ''{0}'' already exists in the Current Folder, and will be overwritten.</entry>
        <entry key="UnableToCreateCustomLayerFile">The custom layer file ''{0}''.m could not be created: ''{1}''.</entry>
        <entry key="UnableToCreateOpFunctionFile">The operator function file ''{0}''.m could not be created: ''{1}''.</entry>
        <entry key="LayersOutputLayerTypeMissing">Imported layer graph has no output layer because the model does not specify a loss function. Add an output layer to the layer graph or use the ''OutputLayerType'' name-value argument when you call importTensorFlowLayers.</entry>
        <entry key="TensorFlowVersionTooOld">The SavedModel ''{0}'' was saved in TensorFlow version ''{1}''. Import of TensorFlow versions older than ''{2}'' is not supported.</entry>
        <entry key="TensorFlowVersionTooNew">The SavedModel ''{0}'' was saved in TensorFlow version ''{1}''. Import of TensorFlow versions newer than ''{2}'' has not been thoroughly tested yet. The imported model might not exactly match the model saved in the SavedModel.</entry>
        <entry key="UnsupportedSavedModelVersion">The Saved model version is: ''{0}'', SavedModel versions other than '1' are not supported. The imported model may not exactly match the model saved in the SavedModel.</entry>
        <entry key="NoGraphInSavedModel">The SavedModel ''{0}'' does not contain any graph information and cannot be imported.</entry>
        <entry key="MoreThanOneGraphsInSavedModel">The SavedModel ''{0}'' contains more than one graph and is not supported.</entry>
        <entry key="PlaceholderLayersExistAfterImport">The imported model contains one or more placeholder layers and cannot be imported as a network. Try using importTensorFlowLayers to directly import a layerGraph from the model.</entry>
        <entry key="WordEmbeddingLayerIndexWarning">The imported model contains a WordEmbedding layer which maps 1-based word indices to vectors. Input word indices to this layer should be 1-based. </entry>
        <entry key="NetworkOutputLayerTypeMissing">'OutputLayerType' is missing. Please specify an output layer type or set the 'TargetNetwork' to be 'dlnetwork'.</entry>
        <entry key="UnsupportedConv2DBackpropInputWithExplicitPad">''{0}'' with EXPLICIT padding is not supported.</entry>
        <entry key="UnsupportedBatchMatMulV2WithAdjoint">''{0}'' with adjointed matrix multiplication is not supported.</entry>
        <entry key="UnsupportedRandStdNormalOpWithSeedOrSeed2">'seed' and 'seed2' options are not supported for ''{0}'' operator. These will be ignored.</entry>
        <entry key="TFNetworkMOClasses">''Classes'' argument is ignored because the network has multiple outputs. </entry>
        <entry key="VerboseImportStarts">Importing the saved model...</entry>
        <entry key="VerboseTranslationStarts">Translating the model, this may take a few minutes...</entry>
        <entry key="VerboseTranslationFinished">Finished translation.</entry>
        <entry key="VerboseAssemblingStarts">Finished translation. Assembling network...</entry>
        <entry key="VerboseImportFinished">Import finished.</entry>
        <entry key="GeneratedLayerContainsUnsupportedOpError">Unable to import the model as a network because it contains custom layers with operators that are not supported. Use importTensorFlowLayers to import the model as a layer graph.</entry>
        <entry key="GeneratedLayerContainsUnsupportedOpWarning">The imported layer graph contains custom layers with operators that are not supported. Configure these operators before converting LayerGraph to a DAGNetwork or dlnetwork object.</entry>
        <entry key="GeneratedDlnetContainsUnsupportedOpWarning">Imported dlnetwork is uninitialized because its custom layers contain operators that are not supported. Configure these operators before initializing dlnetwork.</entry>
        <entry key="SavedModelInvalid">Unable to import the model because SavedModel appears to be corrupt or missing.</entry>
        <entry key="KerasMetadataInvalid">Unable to import the model because Keras metadata appears to be corrupt or missing.</entry>
        <entry key="UnsupportedVariableDataType">Invalid data type. SavedModel parameters in the variables subfolder must be double or single floating-point tensors.</entry>
        <entry key="SequenceFoldingFoundWithDlnetwork">Unable to import the model as a dlnetwork object because it contains a sequenceFolding layer. Specify the ''TargetNetwork'' value as ''dagnetwork''.</entry>
        <entry key="SequenceFoldingFoundWithDlnetworkNewAPI">Unable to import the model as a dlnetwork object because it contains a sequenceFolding layer.</entry>
        <entry key="SequenceFoldingNotCompatibleWithDlnetwork">Unable to import the model as a LayerGraph object compatible with dlnetwork because it contains a sequenceFolding layer. Specify the ''TargetNetwork'' value as ''dagnetwork''.</entry>
		<entry key="SequenceFoldingFoundWithDAGNetworkWithoutInput">Unable to import the model as a DAGNetwork object because it contains incomplete input information. Try using importTensorFlowLayers to directly import a layerGraph from the model.</entry>
        <entry key="UnsupportedImportAsDAGNetwork">Current TensorFlow network cannot be imported as a DAGNetwork. Importing network as a dlnetwork instead.</entry>
        <entry key="PrologueUnInitDlnetwork">Network is imported as an uninitialized dlnetwork object. Initialize it with formatted dlarray objects using these data formats:</entry>
        <entry key="PrologueInitDlnetwork">Network is imported as an initialized dlnetwork object using these formatted dlarray objects, which are in reverse TensorFlow format order:</entry>
        <entry key="PrologueInitDlnetworkNewAPI">Network is imported as an initialized dlnetwork object with its inputs imported as dlarray objects in TensorFlow dimension order.</entry>
        <entry key="PrologueAddInputLayers">Network is imported as an uninitialized dlnetwork object. Before using the network, add input layer(s):</entry>
        <entry key="InputSizeAndFormatInfoForDlnetwork">{0}</entry>
        <entry key="DlarrayFormatInfo">For more information on which format(s) to use, see documentation for dlarray.</entry>
        <entry key="InputWithNaNs">Size of the input to ''{0}'' is unknown in TensorFlow.</entry>
        <entry key="TFGraphMissingKerasMetadata">Missing Keras Metadata for Node {0} in the TensorFlow graph.</entry>
        <entry key="UninitDlnetworkWithPlaceholder">Network is imported as an uninitialized dlnetwork object that contains placeholder layers. Use findPlaceholderLayers to identify these layers.</entry>
        <entry key="FlattenCStyleTFUnexpectedInput">Invalid input format for the FlattenCStyleTF layer.</entry>
        <entry key="RequiredProductMissingForOp">The model being imported contains the ''{0}'' operator which requires ''{1}'' that is not installed. This may cause import to fail.</entry>
        <entry key="UnknownInputParamForModule">Found input parameter that is neither a constant nor a variable.</entry>
        <entry key="NoGraphFoundForObject">No graph found for object: ''{0}''</entry>
        <entry key="ModelInstantiationFailed">The model is not fully instantiated. Please manually instantiate the model.</entry>
        <entry key="UnableToCreateLegalModelName">Unable to create a legal name for model: ''{0}''.</entry>
        <entry key="UnableToFindNodeInput">Unable to find the input: ''{0}'' for the node: ''{1}''.</entry>
        <entry key="UnableToFindNodeInputComingFromSubmodel">Unable to find the input coming from submodel: ''{0}'' for the node: ''{1}''.</entry>
        <entry key="UnableToMatchInputs">Unable to match inputs for node: ''{0}''.</entry>
        <entry key="PlaceholderFunction">Operator function ''{0}'' is not supported. The placeholder function ''{1}'' must be implemented before the network can be used.</entry>
        <entry key="OpFunctionTemplateNotFound">Unable to find the operator function template for ''{0}''. ''{1}''. Ensure that Deep Learning Toolbox Converter for TensorFlow Models is installed.</entry>
		<entry key="PlaceholderFunctionTemplateNotFound">Unable to find the placeholder function template. ''{0}''. Ensure that Deep Learning Toolbox Converter for TensorFlow Models is installed.</entry>
        <entry key="WarnAPIDeprecation">''{0}'' is not recommended and will be removed in a future release. To import TensorFlow models, use importNetworkFromTensorFlow function.</entry>
        <!-- TensorFlow Exporter messages -->
        <entry key="exporterWrongInputType">First argument must be a nonempty SeriesNetwork, DAGNetwork, dlnetwork, LayerGraph, or Layer object. If the argument is a LayerGraph, Layer, or uninitialized dlnetwork object, it must be convertible to a DAGNetwork or initialized dlnetwork object.</entry>
        <entry key="exporterWrongInputType2">Second argument must be a nonempty string scalar.</entry>
        <entry key="exporterQuantizedNet">Exported weights are not quantized when exporting quantized networks.</entry>
        <entry key="exporterInputNormalization">Unable to export untrained normalizations for these input layers: {0}. You can train before exporting or set the "Normalization" value to "none".</entry>
        <entry key="exporterFailedToConvertLG">Unable to convert the input into a DAGNetwork or initialized dlnetwork object. First argument must be a SeriesNetwork, DAGNetwork, dlnetwork, LayerGraph, or Layer object. If the argument is a LayerGraph, Layer, or uninitialized dlnetwork object, it must be convertible to a DAGNetwork or initialized dlnetwork object.</entry>
        <entry key="exporterPackageNameHasExtension">pythonPackageName has extension ''{0}''. pythonPackageName must not have an extension.</entry>
        <entry key="exporterFilepathDoesNotExist">File path ''{0}'' does not exist.</entry>
        <entry key="exporterFolderExists">Folder ''{0}'' already exists. The package files were written to the existing folder. You might need to restart your Python kernel to get the new model definition.</entry>
        <entry key="exporterConverterForAveragePoolingLayers">Layer ''{0}'': PaddingValue={1} is not supported for export unless Padding="same". PaddingValue was set to 0.</entry>
        <entry key="exporterConverterForConvolutionLayers">Layer ''{0}'': PaddingValue={1} is not supported for export. PaddingValue was set to 0.</entry>
        <entry key="exporterConverterForCrossChannelNormalizationLayer">Layer ''{0}'': The even window size of {1} in a CrossChannelNormalizationLayer cannot be exported. The window size was set to {2}.</entry>
        <entry key="exporterConverterForInputLayers">Layer ''{0}'': Unable to export the input layer normalization ''{1}''. The exported network has no input normalization.</entry>
        <entry key="exporterConverterForUnsupportedLayer">Layer ''{0}'': Layer class ''{1}'' was exported into an incomplete TensorFlow custom layer file. The custom layer definition must be completed or the file must be replaced before the model can be loaded into TensorFlow.</entry>
        <entry key="exporterConverterForUnsupportedLayer2">Layer ''{0}'': This network has nonnumeric Learnable or State parameters and cannot be exported.</entry>
        <entry key="exporterConverterForMaxPooling2DLayer">Layer ''{0}'': Unable to export maxPooling2dLayer when HasUnpoolingOutputs=true.</entry>
        <entry key="exporterConverterForLSTMProjectedLayer">Layer ''{0}'': lstmProjectedLayer was exported into a standard TensorFlow LSTM layer with full weights.</entry>
        <entry key="exporterConverterForDepthToSpace2DLayer">Layer ''{0}'' (a 2-D depth to space layer) was exported as a custom layer because TensorFlow does not support a rectangular block size.</entry>
        <entry key="exporterConverterForSpaceToDepthLayer">Layer ''{0}'' (a space to depth layer) was exported as a custom layer because TensorFlow does not support a rectangular block size.</entry>
        <entry key="exporterConverterForResize3DLayer">Layer “{0}” is a 3-D image resize layer, for which TensorFlow has no equivalent layer. The function can export the layer to an UpSampling3D TensorFlow layer only if the resizing is integer upscaling.</entry>
        <entry key="exporterResizeNearest">Layer ''{0}'' is an image resize layer with Method="nearest". The outputs of the corresponding TensorFlow layer might differ from the MATLAB layer outputs by up to one pixel location.</entry>
        <entry key="exporterResizeScale">Layer ''{0}'' is an image resize layer with specified "Scale" parameter. The outputs of the corresponding TensorFlow layer might differ from the MATLAB layer outputs.</entry>
        <entry key="exporterResizeOutputSizeNaN">Layer ''{0}'' is an image resize layer with "OutputSize" value containing a NaN. The outputs of the corresponding TensorFlow layer might differ from the MATLAB layer outputs.</entry>
        <entry key="exporterResizeSubst">Layer ''{0}'': {1}=''{2}'', which is not supported by TensorFlow. The value ''{3}'' was substituted, so the outputs of the corresponding TensorFlow layer might differ from the MATLAB layer outputs.</entry>
        <entry key="exporterFileOpen">Unable to open file ''{0}''.</entry>
        <entry key="exporterUnsupportedLayer">Layer ''{0}'': Layer type ''{1}'' is not supported for export.</entry>
        <entry key="exporterUnsupportedPropertyValue">Layer ''{0}'': The property ''{1}'' with value ''{2}'' is not supported for export.</entry>
        <entry key="exporterREADMENoIssues">There were no issues.</entry>
        <entry key="exporterREADMECreatedByLine1">This Python package was created by</entry>
        <entry key="exporterREADMECreatedByLine2">MATLAB Deep Learning Toolbox Converter for TensorFlow Models.</entry>
        <entry key="exporterREADMEThisPackageContains">This package contains a TensorFlow model exported from MATLAB.</entry>
        <entry key="exporterREADMEIssuesHeading">ISSUES ENCOUNTERED DURING EXPORT FROM MATLAB</entry>
        <entry key="exporterREADMEUsageHeading">USAGE</entry>
        <entry key="exporterREADMEToLoadModel1">* To load the model with weights:</entry>
        <entry key="exporterREADMEToLoadModel2">* To load the model without weights:</entry>
        <entry key="exporterREADMEToSavedModel">* To save a loaded model into TensorFlow SavedModel format:</entry>
        <entry key="exporterREADMEToHDF5">* To save a loaded model into TensorFlow HDF5 format:</entry>
        <entry key="exporterREADMEPackageFilesHeading">PACKAGE FILES</entry>
        <entry key="exporterREADMEModelDotPy">Defines the untrained model. Modifying this file before calling load_model might cause load_model to give unexpected results.</entry>
        <entry key="exporterREADMEWeightsDotH5">Contains the model weights in HDF5 format. Warning: This file is not compatible with the tensorflow.keras.models.load_model() function. See the USAGE section above for instructions on how to load the model and re-save it in standard TensorFlow SavedModel or HDF5 formats.</entry>
        <entry key="exporterREADMEInitDotPy">Defines the load_model function.</entry>
        <entry key="exporterFileCreatedByCommentLine1">This file was created by</entry>
        <entry key="exporterFileCreatedByCommentLine2">MATLAB Deep Learning Toolbox Converter for TensorFlow Models.</entry>
        <entry key="UnsupportedSplitComplexInputs">Unsupported input layer option for layer ''{0}''. To export networks with an input layer, the SplitComplexInputs property must be 0 (false).</entry>
        <entry key="UnsupportedUnspecifiedFormats">Unsupported input format for layer ''{0}''. To export networks containing an InputLayer object, the InputFormat property must not contain ''U'' labels.</entry>
        <entry key="UnsupportedNoCDim">Unsupported input format for layer ''{0}''. To export networks containing an InputLayer object, the InputFormat property must contain a ''C'' label.</entry>
    </message>
</rsccat>
