<?xml version="1.0"?>
<!-- Copyright 2015 The MathWorks, Inc. -->
<rsccat version="1.0" locale="en_US" product="turtlebotrobot">
    <message>
        <entry key="CannotConnect">Cannot connect to TurtleBot robot. Check the connection parameters. Detailed error message:\n\n   {0}</entry>
        <entry key="CannotDetermineType">Cannot determine the type of TurtleBot at URI {0}. Assuming that it is a physical TurtleBot.</entry>
        <entry key="PropInvalidNumFields">Expected {0} property structure to have 2 fields. Instead it has {1} fields.</entry>
        <entry key="PropInvalidFieldName">Expected {0} property structure to have fields "TopicName" and "Active". Instead it contains an invalid "{1}" field.</entry>        
        <entry key="TopicIsLocked">Cannot change topic name for {0} while the capability is active. Set {0}.Active to false before changing the topic.</entry>
        <entry key="MessageTypeMismatch">Expected topic {0} to be of message type {1}. Instead its message type is {2}.</entry>
        <entry key="CapabilityNotAvailable">The {0} capability is not available for the {1}.</entry>
        <entry key="NoTransform">The transformation between {0} and {1} is not available. Check the "TransformFrames" property to see all available frame names.</entry>
        <entry key="WrongNumArguments">Expected function to have between {0,number,integer} and {1,number,integer} arguments. Instead, there are {2,number,integer} arguments.</entry>
    </message>
</rsccat>
