<?xml version="1.0" encoding="UTF-8" standalone="yes"?>
<instructions>
  <downloadInstruction>
    <downloadUrl>https://ssd.mathworks.com/supportfiles/downloads/SupportPackageThirdParty/R2023a/openh264/glnxa64/libopenh264-2.2.0-linux64.6.so</downloadUrl>
    <archive>libopenh264-2.2.0-linux64.6.so</archive>
  </downloadInstruction>
  <installInstructions xmlns:xsi="http://www.w3.org/2001/XMLSchema-instance" xsi:type="InstallationInstruction">
    <command>mkdir</command>
    <command>-p</command>
    <command>$IS_ROOT_DIR$IS_FILE_SEP..$IS_FILE_SEP..$IS_FILE_SEPtoolbox$IS_FILE_SEPmatlab$IS_FILE_SEPhardware$IS_FILE_SEPshared$IS_FILE_SEPcamera$IS_FILE_SEPbin$IS_FILE_SEPglnxa64</command>
    <returnCodeChecks>
      <code>0</code>
      <message>## OpenH264 binary folder created ##</message>
    </returnCodeChecks>
    <passingReturnCodes>
      <codes>0</codes>
    </passingReturnCodes>
  </installInstructions>
  <installInstructions xmlns:xsi="http://www.w3.org/2001/XMLSchema-instance" xsi:type="InstallationInstruction">
    <command>cp</command>
    <command>-f</command>
    <command>$IS_DOWNLOAD_DIR$IS_FILE_SEPlibopenh264-2.2.0-linux64.6.so</command>
    <command>$IS_ROOT_DIR$IS_FILE_SEP..$IS_FILE_SEP..$IS_FILE_SEPtoolbox$IS_FILE_SEPmatlab$IS_FILE_SEPhardware$IS_FILE_SEPshared$IS_FILE_SEPcamera$IS_FILE_SEPbin$IS_FILE_SEPglnxa64</command>
    <returnCodeChecks>
      <code>0</code>
      <message>## OpenH264 binary copied to camera bin folder ##</message>
    </returnCodeChecks>
    <passingReturnCodes>
      <codes>0</codes>
    </passingReturnCodes>
  </installInstructions>
  <displayName>Cisco OpenH264 library</displayName>
  <licenseUrl>https://www.openh264.org/BINARY_LICENSE.txt</licenseUrl>
  <checksum>4ae97ffabbddf3fdf6870112756e3ff2</checksum>
</instructions>
