<?xml version="1.0" encoding="UTF-8"?>
<!--Copyright 2023 The MathWorks, Inc.-->

<rsccat xmlns:xsi="http://www.w3.org/2001/XMLSchema-instance" version="1.0" locale="zh_CN" product="MATLAB" xsi:noNamespaceSchemaLocation="../../../../resources/schema/msgcat.xsd">
  <message>
    <entry key="nosave">{0} 对象不能保存到磁盘，并且将被跳过。</entry>
    <entry key="nosparse">{0} 对象不能置于稀疏数组中。</entry>
    <entry key="unsupported">类 ''{1}'' 的对象不支持方法 ''{0}''。</entry>
    <entry key="missingFile">缺少文件 ''{0}''。请打开&lt;a href="matlab: matlab.addons.supportpackage.internal.explorer.showSupportPackages(''{1}'', ''tripwire'');"&gt;附加功能资源管理器&lt;/a&gt;以重新安装支持包。</entry>
    <entry key="noWritePermission">没有当前目录的写入权限。请将当前文件夹更改为其他位置。</entry>
    <entry key="notImplemented">内部错误: 调用了尚未实现的函数。</entry>
    <entry key="errorMessageParamNotString">内部错误: 尝试使用非字符向量参数生成本地化消息。</entry>
  </message>
</rsccat>
