<?xml version="1.0" encoding="UTF-8" ?>
<!-- Copyright 2011-2023 The MathWorks, Inc. -->
<rsccat version="1.0" locale="en_US" product="dl_tensorflow_lite">
    <message>
        <entry key="MissingSupportPackage">Deep learning code generation for TensorFlow Lite models requires the {0} support package. To install this support package, use the &lt;a href="matlab: matlab.addons.supportpackage.internal.explorer.showSupportPackages(''{1}'', ''tripwire'')&quot;&gt;Add-On Explorer&lt;/a&gt;.</entry>
        <entry key="MissingSupportPackageSimulink">Attempted to run TensorFlow Lite model inference during code generation from simulink model. However, the TensorFlow Lite model inference requires the {0} support package. To install this support package, use the &lt;a href="matlab: matlab.addons.supportpackage.internal.explorer.showSupportPackages(''{1}'', ''tripwire'')&quot;&gt;Add-On Explorer&lt;/a&gt;.</entry>
        <entry key="MissingSupportPackageSimulation">Attempted to run TensorFlow Lite model inference during model simulation. However, the TensorFlow Lite model inference requires the {0} support package. To install this support package, use the &lt;a href="matlab: matlab.addons.supportpackage.internal.explorer.showSupportPackages(''{1}'', ''tripwire'')&quot;&gt;Add-On Explorer&lt;/a&gt;.</entry>
        <entry key="MissingSupportPackageForDefault">Deep Learning interface for TensorFlow Lite is not installed. To install this support package, use the &lt;a href="matlab: matlab.addons.supportpackage.internal.explorer.showSupportPackages(''{0}'', ''tripwire'')&quot;&gt;Add-On Explorer&lt;/a&gt;.</entry>
        <entry key="MissingCppTargetTfLiteError">Target language is not set to C++. To generate code for TensorFlow lite models, set target language to C++.</entry>
		<entry key="MissingCppSimTargetTfLiteError">Simulation target language is not set to C++. To simulate TensorFlow Lite models or to generate code for such models, set simulation target language to C++.</entry>
        <entry key="UnspecifiedTfLitelibrary">TFLITE_PATH environment variable is not specified. Set TFLITE_PATH environment variable to the root folder of the Tensorflow library installation.</entry>
        <entry key="IncorrectTfLitelibrary">TFLITE_PATH environment variable is incorrectly specified. Set TFLITE_PATH environment variable to the root folder of the Tensorflow library installation.</entry>
        <entry key="UnsupportedTfLite">Code generation for TensorFlow Lite for inference is not supported on ''{0}'' platform.</entry>
        <entry key="UnsupportedTFLiteModelInputs">Error using predict method. Specified model has ''{0}'' inputs. TensorFlow Lite inference in MATLAB is supported only for models that have 1 input.</entry>
        <entry key="IncorrectTFLiteModelInputsPassed">Error using predict method. TensorFlow Lite inference in MATLAB is supported only for models that have 1 input.</entry>
        <entry key="IncorrectTFLiteModelPassed">Error using loadTFLiteModel. Unable to find the specified TensorFlow Lite model ''{0}''.</entry>
        <entry key="IncorrectTFLiteExtension">Error using loadTFLiteModel. Passed TensorFlow Lite model must have extension '.tflite'.</entry>
        <entry key="UnsupportedAPIloadTFLiteModel">loadTFLiteModel is not supported for ''{0}'' platform.</entry>
        <entry key="IncorrectTFLiteModelSize">Size mismatch for TensorFlow Lite model. Actual model input size is ''{0}'' .</entry>
        <entry key="IncorrectTFLiteModelBatchSize">Incorrect Batched input specified for TensorFlowLite Model. Model input size must be exactly ''{0}''  .</entry>
        <entry key="IncorrectTFLiteModelSequenceLength"> Incorrect sequence length specified for TensorFlowLite Model. Model input size should be exactly ''{0}''  .</entry>
        <entry key="IncorrectGpuConfig">TensorFlow Lite code generation is not supported if you set GPU specific configuration parameters in the code configuration object.</entry>
        <entry key="InvalidModelFile">Invalid TensorFlow Lite model file name. TensorFlow Lite model file name must be a compile-time constant and name of a model file that exists on path.</entry>
        <entry key="InvalidTFLiteInput">The input to the predict method must be of fixed-size. Predict method of TensorFlow Lite model does not support variable-size inputs.</entry>
        <entry key="UnsupportedGLIBC">TensorFlow Lite models are supported on Linux distributions with GLIBC versions 2.27 or later only.</entry>
        <entry key="TFLiteCoderInternalError" translate="false">TensorFlow Lite code generation failed due to an internal error. Please contact technical support for assistance.</entry><!--internal error-->
        <entry key="UnsupportedToolchainTfLite">Code generation for TensorFlow Lite using {0} toolchain is not supported. See supported compilers in &lt;a href="matlab:web('https://www.mathworks.com/help/deeplearning/ug/prerequisites-for-deep-learning-with-tensorflow-lite-models.html#mw_0909d2bb-7e6a-49d7-8a54-59195ec2a492')"&gt;Supported Compilers&lt;/a&gt;.</entry>        
        <entry key="UnsupportedParameterName">Parameter {0} is not supported for predict method of running TFLite models. See ''help TFLiteModel.predict''.</entry>
        <entry key="UnsupportedParameterNameCodegen">Parameter {0} is not supported for predict method of running TFLite models. See ''help coder.TFLiteModel.predict''.</entry>
        <entry key="INT8InferenceNotSupportedOnWindows"> Quantized TFLite models might produce incorrect results on Windows platform due to a bug in the TFLite library version 2.8.0. If the target version of TFLite library is not 2.8.0 or if you are confident that there are no numerical issues, invoke the 'predict' function with the 'EnableINT8InferenceOnWindows' option set to true. </entry>
        <entry key="ExpectedConstArgumentPredict"> For code generation, the ''{0}'' option value of 'predict' method must be a constant. </entry>
        <entry key="ExpectedQuantizedInput"> The expected input type of the model is ''{0}'' but received ''{1}''. To quantize the input from ''{1}'' to ''{0}'', invoke the 'predict' function with 'QuantizeInputs' option set to true.</entry>
        <entry key="ExpectedScalarLogicalInput"> The value passed to ''{0}'' option of 'predict' must be scalar logical.</entry>
    </message>
</rsccat>
