{
    "matlab.webcam.internal.AcquireWebcamImage": 
    {
        "name": "Acquire Webcam Image",
        "description": "Acquire snapshot from webcam",
        "keywords": "cam,camera,webcam,capture,image,picture,photo,webcamlist,snapshot,preview,closePreview,web,Microsoft,Logitech,HP,USBwebcams,webcamera",
        "category": "imaq_category",
        "messageCatalog": "MATLAB:webcam:webcam",
        "useDesktopTheme": true,
        "svgIcon": "acquireWebcamImage",
        "docLink": "strcat(docroot,'/supportpkg/usbwebcams/helptargets.map'),'AcquireWebcamImageLET'",
        "uniqueId": "matlab/AcquireWebcamImage",
        "icon": "AcquireWebcamImage_24px.png",
        "quickAccessIcon": "AcquireWebcamImage_16px.png"
    }
}